wind anom AT,pv anom AT,heat anom AT,ngt AT,stor rate AT,stor diff AT,wind anom BE,pv anom BE,heat anom BE,ngt BE,stor rate BE,stor diff BE,wind anom BG,pv anom BG,heat anom BG,ngt BG,stor rate BG,stor diff BG,wind anom CH,pv anom CH,heat anom CH,ngt CH,stor rate CH,stor diff CH,wind anom CZ,pv anom CZ,heat anom CZ,ngt CZ,stor rate CZ,stor diff CZ,wind anom DE,pv anom DE,heat anom DE,ngt DE,stor rate DE,stor diff DE,wind anom DK,pv anom DK,heat anom DK,ngt DK,stor rate DK,stor diff DK,wind anom EE,pv anom EE,heat anom EE,ngt EE,stor rate EE,stor diff EE,wind anom EL,pv anom EL,heat anom EL,ngt EL,stor rate EL,stor diff EL,wind anom ES,pv anom ES,heat anom ES,ngt ES,stor rate ES,stor diff ES,wind anom FI,pv anom FI,heat anom FI,ngt FI,stor rate FI,stor diff FI,wind anom FR,pv anom FR,heat anom FR,ngt FR,stor rate FR,stor diff FR,wind anom HR,pv anom HR,heat anom HR,ngt HR,stor rate HR,stor diff HR,wind anom HU,pv anom HU,heat anom HU,ngt HU,stor rate HU,stor diff HU,wind anom IE,pv anom IE,heat anom IE,ngt IE,stor rate IE,stor diff IE,wind anom IT,pv anom IT,heat anom IT,ngt IT,stor rate IT,stor diff IT,wind anom LT,pv anom LT,heat anom LT,ngt LT,stor rate LT,stor diff LT,wind anom LU,pv anom LU,heat anom LU,ngt LU,stor rate LU,stor diff LU,wind anom LV,pv anom LV,heat anom LV,ngt LV,stor rate LV,stor diff LV,wind anom NL,pv anom NL,heat anom NL,ngt NL,stor rate NL,stor diff NL,wind anom NO,pv anom NO,heat anom NO,ngt NO,stor rate NO,stor diff NO,wind anom PL,pv anom PL,heat anom PL,ngt PL,stor rate PL,stor diff PL,wind anom PT,pv anom PT,heat anom PT,ngt PT,stor rate PT,stor diff PT,wind anom RO,pv anom RO,heat anom RO,ngt RO,stor rate RO,stor diff RO,wind anom SE,pv anom SE,heat anom SE,ngt SE,stor rate SE,stor diff SE,wind anom SI,pv anom SI,heat anom SI,ngt SI,stor rate SI,stor diff SI,wind anom SK,pv anom SK,heat anom SK,ngt SK,stor rate SK,stor diff SK,wind anom UK,pv anom UK,heat anom UK,ngt UK,stor rate UK,stor diff UK,sc,t_start,t_end
-10.61519947080281,44.30015955137282,95.44316863705455,2.4351431795998766e-06,6.008748989120711,1976.878417420714,-55.92607448740649,87.55704966371812,91.95013484435589,11.408622643701735,1.3679256388128644,450.0475351694324,-6.575503421265759,10.720865294534075,64.59634816160134,0.26378026190333054,1.5032888511584506,494.5820320311302,-61.45129332988554,63.875786129918744,78.77315133864833,1.7620384264030395,11.320313559737206,3724.3831611535406,-33.56745038135035,59.471838018921794,65.9759314653023,11.603129068108437,1.155604417290992,380.1938532887364,-66.83248233276437,78.55688519541782,93.09756811897739,89.78357503475326,7.082711877785244,2330.2122077913455,-48.334514369944685,70.88062274768932,53.554785716238044,9.445577952165513,5.04043237313441,1658.3022507612209,-39.51639530171463,-11.129170874644554,41.67739878651944,3.3040934726669244e-06,0.492132564775138,161.9116138110204,14.544951295854283,-40.66106858147342,93.4116925852058,0.36064048413945354,1.1292425600383589,371.52080225262006,-16.760363184662523,-5.6086576930632,49.19031530012219,5.105185411430966e-07,12.586314791282055,4140.897566331796,-23.332795793024328,30.011165381730954,35.851820646810104,4.135498968275522,0.7825395080218407,257.4554981391856,-23.80322380106445,25.438455134463783,86.8112990011727,29.62415127585552,19.294064333245274,6347.747165637696,11.062376734312783,10.512445212012873,103.90654147224778,0.4245887239830118,0.30827626224261984,101.42289027782194,12.405989342487809,31.681678395805562,72.39998240753302,2.923251120851213,0.016813972996409486,5.531797115818721,-6.7329368156163945,45.496027253844865,34.85130360882959,0.9007587550952555,0.6098242224763656,200.63216919472427,31.466728001715683,-33.997404319318704,153.1711201370303,0.6440377283930201,11.269194027206563,3707.5648349509593,-48.674793033457966,95.03681461024884,69.53680331936775,1.0554400395006322e-05,0.08190811091492196,26.947768491009327,0.0,0.0,0.0,8.062622013131875e-06,0.0007057909023366569,0.23220520686876012,-50.46015833027172,21.307577258565026,53.86957633143279,1.7621926856419934,0.5802218042916332,190.89297361194733,-65.5470916085405,91.7873880311588,101.69871132473712,20.200992277108433,5.988967176632368,1970.370201112049,5.427653374965835,-3.4436354863492724,19.96096679325113,5.331823498097848e-07,23.206479310774327,7634.931693244754,-51.78822043637113,81.39403728841181,60.51862665737301,25.60927986452962,7.667375346997188,2522.566489162075,-9.587186838951117,4.976547800694407,-0.49585564958310624,2.5009522290199387e-07,2.3702020202583762,779.7964646650057,16.74803060286054,14.481819611770666,54.03990081040023,33.583247889385916,4.952097493126393,1629.2400752385834,-38.358815467102026,23.17011091830392,41.44293464319819,4.488243814608204,12.851919063066838,4228.28137174899,2.808055701665501,43.3727452469565,97.17635500991058,0.5566511978638473,0.009043857041994122,2.9754289668160663,-14.719331890404256,63.560340111390964,73.151737872958,0.32742132092056925,0.4441641280722589,146.12999813577318,-17.420391612066204,95.83490442862562,58.715869435959114,17.20640325016027,3.8790889551500403,1276.2202662443633,3,88,416
-36.40256929534515,-25.914822163621675,50.93828288258603,1.7190637706440657e-06,4.382466829979108,1538.2458573226668,-53.06887800245338,31.34380305177101,96.49582028319944,14.56611467612761,0.5339813570438087,187.42745632237683,45.96211502341556,-19.024888324810675,-20.826808193082275,1.02046179212751,0.30968820028619426,108.70055830045419,-55.921688056211934,-2.1136593237490926,46.25773458568611,7.351191458271235e-07,6.608630609016081,2319.6293437646445,-48.654391327777496,-25.766412035444418,51.4168004754946,2.8186328119760238,0.2122464344412956,74.49849848889475,-51.13471070130572,-10.838883390752708,80.42347819172527,38.816460724155355,5.547928644269141,1947.3229541384685,-28.517426115577116,11.51908512666315,61.585298840346695,7.276412197816213,1.4833937691983383,520.6712129886167,-45.09191235944504,31.35046334852534,102.11871725780716,0.5226857668418481,0.6230046299959728,218.67462512858646,24.190805386332805,-6.700588162987617,-52.412342829914316,0.264353844807953,0.13441200082532392,47.178612289688694,45.187723635242435,-13.312878576222333,47.13573316795496,2.297404479977634e-08,0.4762459984463394,167.16234545466514,-40.33028141645919,61.380128404125664,88.8240610280827,3.626576696616219,0.7381002047471898,259.07317186626364,-21.875007263167294,-12.127080348334436,75.83898973352639,18.206600341719675,13.577915464138126,4765.848327912482,36.266102067524805,-30.0868860711721,8.61960724373042,0.9660274014443334,0.17834113142009828,62.5977371284545,-7.748716247328483,-30.234167741535455,17.689451684313404,14.96719782302322,0.2487943877813869,87.3268301112668,-43.130988749841364,86.91913098862035,61.61942719442305,1.0276584114975338,0.6005749171212285,210.8017959095512,52.184856501428555,-6.652847840574408,25.04208618061061,0.40811033975135474,2.7997932903942666,982.7274449283875,-26.31345686167455,87.21202810804644,150.67931468596078,0.351643867755879,0.027225329326488846,9.556090593597585,0.0,0.0,0.0,2.4161008728973757e-06,0.005034238819834743,1.767017825761995,-37.188169959869974,60.97528411150406,129.7004201153291,0.03045837369347673,0.16729493601066203,58.72052253974237,-55.509751295349716,10.949036835454617,108.06394178703191,16.670247831311762,6.989298407181151,2453.243740920584,-24.41146090468302,43.391847684425265,50.03411221899293,1.1542310494836847,25.561792378160696,8972.189124734405,-28.27838088999939,5.615447240991836,71.39168230423152,7.961300115233503,2.9951729277392363,1051.305697636472,65.30724117944425,-18.34687641386138,71.81555193269705,1.625930650092052e-08,0.04883197250454185,17.14002234909419,33.49250023357876,-15.95058774794514,5.0442010787538,13.654396275351829,1.533103594124962,538.1193615378617,-41.933630129723525,14.484539707265586,49.358395943581854,9.461033148751472,15.30679809546539,5372.686131508352,-10.705434363333074,-34.32369686085829,19.662819604620445,1.0334080794187572,-0.0031262058956182588,-1.0972982693620088,-28.44012038999234,-33.44176644266143,35.05859101681728,0.2998992481108332,0.1456222515409109,51.11341029085973,-41.2923602507958,42.605710915220534,61.328380047705636,23.471262571109307,5.079351732169752,1782.852457991583,44,41,391
16.40626594992686,-14.09766551967849,98.46412160717752,4.883110092632132e-07,8.651171552148941,1271.7222181658944,-58.40034031734562,6.134671969399655,70.3660500941745,11.202436789010003,0.9410982999641353,138.3414500947279,59.73165222272099,-27.84327755830548,85.5472377832568,0.023933257090786805,1.0606265316875856,155.91210015807508,-16.149944357439637,-2.0097920070942457,88.34984677278554,1.8698338767657503e-06,14.001020894643315,2058.150071512567,-3.6571278788539545,18.546841122863878,69.74558574726393,10.559511342696856,0.958655442342752,140.92235002438454,-43.87677131787465,-2.0316607460545133,92.95521482896288,27.133535212762432,7.884062560805245,1158.957196438371,-11.627660246387414,25.542260497857544,91.81230706129502,7.619241889257737,4.453328827132614,654.6393375884943,13.094526357352462,-24.939145280041217,71.82538112759987,3.603815480464998e-07,0.25377449297345334,37.30485046709764,55.10338920682338,-28.68932881099564,103.68499806754197,0.22902675812058046,-0.36884081347405673,-54.219599580686335,22.845678185956604,18.7141235469066,172.2711537727492,6.715106957630166e-08,6.524629266955513,959.1205022424604,-9.731097133835547,55.02911079601791,80.50781869770995,1.587693261524128,0.5825094786714711,85.62889336470624,-27.67858200302051,19.131549150764094,100.95674502274534,32.98892288462879,16.89642134353422,2483.773937499531,61.856518307891584,-15.85955347947738,100.93366743862502,0.11743616441314612,0.27177568425553683,39.95102558556391,31.281198750910566,18.738219867216173,74.01917941772443,0.6516967254404101,0.17054497694474505,25.07011161087752,-44.685265437102665,-12.419799810425285,0.05099083241715354,1.1171089028076435,0.6700215867490622,98.49317325211214,58.402973412392846,-24.614209654149665,169.3878878792305,5.563465612478009e-07,10.936618617136585,1607.682936719078,-58.644462407541944,20.91820329308801,126.96395075539459,0.018775084510520415,0.07113999030017076,10.457578574125103,0.0,0.0,0.0,2.8539865468068393e-06,0.002012276510628345,0.29580464706236675,-16.980986699977002,-26.5970676467631,96.86215754985206,0.3729844270296057,0.6901022175735567,101.44502598331283,-48.81119841360094,9.785354394905333,97.80071993897734,12.721774548300395,4.506143620076395,662.4031121512302,-11.82091306506798,73.2465577268232,66.51221081988298,1.2746691693563609e-06,20.562799622834863,3022.7315445567247,-40.792792511107926,31.859622459519905,67.25153057083382,23.666577573785123,11.162030628952355,1640.8185024559962,12.74398988238078,39.000124199422565,78.22076060236677,6.099733166398044e-08,1.3934670107813274,204.83965058485512,12.997507966919821,-19.531509227854375,65.9824455551549,21.45497237092572,6.028476799060172,886.1860894618453,-5.5922787564832594,29.293051995484493,74.30074232711561,4.550630884647881,11.585206144830051,1703.0253032900175,70.12154579157546,12.196309022909183,85.29444930419675,1.3882840150159192,0.04796143841214506,7.050331446585324,9.071821890936649,47.473078556165,80.02045724274892,4.757458548149732e-06,0.27068558782163576,39.79078140978046,-43.742304942832774,-0.06591078514311498,33.33935897348695,18.256258344329257,11.411720467519618,1677.522908725384,45,8047,8193
-29.247848651241004,-49.29963329149704,80.68698170014646,6.824581294887192e-07,5.495575647760261,1016.6814948356483,-32.238738112366846,48.3524966268399,101.77548311049304,3.5425141042886654,1.2948306950286266,239.5436785802959,63.47096716170736,-13.750077894314671,5.3181524160664,0.12015224661205101,0.48382152645792975,89.506982394717,-81.37138423823205,-29.038303732079683,10.026696332829898,3.163651400466064e-07,5.4705680485957995,1012.0550889902229,-33.22065506817518,-22.223254703239338,81.59512777087919,6.886739296588979,0.8160212993699095,150.96394038343325,-51.4642773345751,-19.066799289632847,86.96509830304929,18.882254658320893,5.127619886232174,948.6096789529522,-20.154555610226748,-63.55124442309935,73.37582198919448,7.022003122118841,2.0540378862675626,379.99700895949906,-40.802138344651596,35.86328072990016,89.00871674456225,0.5005707592761872,0.6108672559254639,113.01044234621082,38.79841786213017,-4.675827599424052,-37.275434606575935,0.12137692673832196,-0.304377134535083,-56.30976988899036,15.98150801664581,-17.51373771815376,36.34764292734036,3.586322436823761e-08,-0.24806343171385747,-45.89173486706363,-40.22193968758248,101.679255783153,81.8073808159209,12.013527794622572,1.9052095589517746,352.4637684060783,-31.426443429564088,-6.411504429574146,44.08498432427357,7.153193561774192,14.847262987374936,2746.7436526643633,-6.937025011202868,-42.05870245209461,61.55141708815716,0.27247140947996523,0.5659756030903119,104.70548657170771,16.091121489963015,-34.14014278482453,75.73120471406213,0.5712872970235021,0.24418075882343537,45.17344038233554,3.851830830195086,14.220562297754578,15.72390875702985,0.681776078722242,0.03826306974334095,7.078667902518076,-11.986521466504808,-4.288930591906814,10.474327588158385,8.955192495450121e-08,6.9181302737210215,1279.854100638389,-38.566180718802634,49.89447202129983,154.57236652286167,0.308476137964982,0.02896549929847154,5.358617370217235,0.0,0.0,0.0,6.693744041553625e-06,0.01459387834336261,2.699867493522083,-43.34174091114044,21.47178373047989,130.3949043467432,0.7428960843446506,0.36040457567333867,66.67484649956765,-34.07346139226719,55.66110209412538,142.3388810236652,6.0044035883581275,2.2278717398197183,412.1562718666479,-31.16817550393644,63.70202214753148,53.56830233165676,0.46051416987377114,21.84248324956693,4040.8594011698815,-34.874240558764996,11.386909131527661,93.73288090960634,10.026395525505393,9.909990915160312,1833.348319304658,58.627131612221106,-27.794194051487125,16.762840947207593,3.04325857155965e-08,-0.5602273546249634,-103.64206060561824,42.421549446529745,-11.561659672020602,32.85617180399445,15.303386395099261,3.215257328505148,594.8226057734523,-44.63085614426208,-21.410073253846313,55.644731543854455,5.701205997266112,12.926508537338552,2391.4040794076323,-39.01675754185595,-41.89174954732332,51.60889373526844,1.533923943876911,0.03211498546715057,5.941272311422855,18.3296110495322,-6.1841726017746,93.02449994793491,7.036834244590223e-07,0.30985898781565474,57.32391274589612,-6.083739119624713,-31.242737822681782,28.034593004286307,7.259171554114108,0.8127212296919907,150.35342749301827,13,8104,8288
-44.90535636950484,-12.328359665060717,60.73726366997691,5.816191912940438e-07,5.97917511314076,1530.6688289640344,-33.549650740131526,2.798708269687656,39.885587191116066,7.043980014052523,1.2263577109350337,313.9475739993686,13.640594248033116,-18.143868062221475,33.941849447958376,1.419792458297206e-06,1.925415804833897,492.9064460374776,-43.212286001293634,-2.5734931030068626,32.45632185704545,1.4873313206074676e-07,6.3028359493555595,1613.5260030350232,-52.42504717824965,-21.873403655859054,48.352035522384824,10.643947851698352,0.17538679809587632,44.89902031254434,-30.439434670660503,-11.265316490287018,57.49673409834174,40.077273658987416,4.933993657652097,1263.102376358937,-21.616173371438087,44.35742482747631,61.1553362335072,8.413000102413232,3.367584463792609,862.1016227309079,-49.16827125357523,8.372751945128037,27.709781185641386,0.05609487653231573,0.7570311798734952,193.79998204761478,13.69217248319334,-10.769704055135398,21.522463301494337,0.10091363353662369,0.4018031563102597,102.86160801542648,23.19247790728979,-3.20087987204649,-11.410224431931299,3.494316458573355e-08,-4.367852604452113,-1118.170266739741,-43.13948783807606,-2.1112518708561385,22.694140600870494,10.0259244366377,0.7141092971397708,182.81198006778132,-11.083811022630272,-13.629695502800368,20.90009365863836,3.06278787572305,9.873878168217022,2527.7128110635576,-0.09823449491472931,-32.612666599976556,53.9623223482247,7.066974959458884e-06,0.29469827891586586,75.44275940246166,-22.879602873293948,-28.05838370085403,59.637480432425285,0.034719559219907825,0.05508489350481852,14.101732737233542,-13.725091598723068,-2.9842667695589262,15.936974498803655,4.117322944572241e-06,0.28469883684675246,72.88290223276863,36.37390647803797,-6.615704546406437,57.836701712448445,0.3640024762431441,4.7861319925974755,1225.2497901049537,-60.2116887260157,33.15105385102832,68.87133663997089,0.49304336058561,0.036846670153524795,9.432747559302348,0.0,0.0,0.0,2.6791426747707304e-06,-0.00014013451868087582,-0.03587443678230421,-61.405649827416454,24.058197941085844,54.683599265886095,1.4369523778459274,0.14847978708759152,38.01082549442343,-21.124710414742406,28.08606453640027,62.539304659910876,5.139865044463863,2.4001166086229198,614.4298518074675,-16.72270224813558,54.79596638798019,40.127355445891546,2.641285854212903e-07,21.514425236453892,5507.692860532196,-50.98720686446525,-4.099713482145227,60.37352847669869,15.175347931042731,4.790481319891225,1226.3632178921537,19.09522283400336,-16.412846975874714,-15.842685306939078,3.574235311490605e-08,-0.8815284779397683,-225.67129035258068,13.49874394271174,-17.989064661337643,49.999628767460116,3.571920853836026,3.8978686845034414,997.854383232881,-56.507223122325,8.296393126188248,41.008598092993594,6.889177002633853,12.446468238887807,3186.2958691552785,-39.21867126919465,-24.471242179960626,46.58516296949248,1.309569262573398,0.009343154013258758,2.391847427394242,-39.38589914082546,-37.618387900371445,63.677244205026916,2.729516328485153e-05,0.25757184596678745,65.93839256749759,-1.6832468361552018,-5.5285843370957135,26.546838295462855,1.4395747573469437,2.3505493084078783,601.7406229524169,24,544,799
-89.05690297822319,-12.914543547943186,97.86612481593724,1.985704537272491e-07,6.686185149739937,815.7145882682723,-44.64162843722617,97.2228602367471,120.5559248376111,3.6925387569079047,2.6070166156455135,318.05602710875263,-27.932411321452307,-10.971828914506805,74.14536449601678,0.5236268689974816,2.042034776512355,249.1282427345073,-73.98815000230373,41.5581426107296,49.26086557563152,3.959861334329865e-07,7.1731373410761,875.1227556112842,-81.22533722949412,30.83271990138553,85.97719024934456,5.232956769934167,2.481887882341579,302.79032164567263,-53.709845692470346,79.99402915616722,100.14050810575736,38.65757043602986,12.17958740841167,1485.9096638262238,-49.52232207956962,-6.348519501080071,66.70721366966573,6.846212208539158,5.507361011313863,671.8980433802913,-44.40352890794294,-41.451255384924366,13.64374147001761,0.23612489677843268,0.8038737940402668,98.07260287291255,12.016108122182727,1.0790969995619393,53.86166621151207,0.1609127222925867,0.6745902800821444,82.30001417002161,-68.24366031632586,6.916154881922121,128.23270215713603,1.5774419016222728e-07,16.834510481859905,2053.8102787869084,-2.864189501860687,-32.09326086614537,2.3818116405572494,5.77174524380389,0.9372810030072557,114.3482823668852,-39.43801167939532,11.483843772719226,99.87945221090341,31.467191983439157,24.251357041280112,2958.665559036174,25.83919380591113,-24.27676033001204,88.19518945186432,0.15337219217961404,1.9295374420716798,235.40356793274492,-82.53508115063583,20.647704535290465,71.2539949392888,4.408426590836928e-06,1.6359769274312692,199.58918514661485,-4.789149906612275,-52.32174644080894,3.8907885873279895,0.34230940540329774,0.2834306389044529,34.57853794634325,24.48003352228605,-42.83613111773699,106.23151495137147,9.957121810508835e-07,14.669855812598493,1789.7224091370163,-69.55392317575077,-40.7056809827201,69.71637456971628,0.4622637685954464,0.35896966310618683,43.79429889895479,0.0,0.0,0.0,1.2436133202690315e-06,0.07040357835978578,8.589236559893864,-52.138571145994405,-33.6837360614179,41.00701767774302,0.8616169490719099,2.0962522383288262,255.74277307611678,-43.60105050398572,61.033897776728494,143.69867207821704,7.0572071833061845,7.767671767066459,947.655955582108,17.97050092159714,37.343122626602145,11.558640401096268,1.2065091859126389e-08,16.154094458768945,1970.7995239698112,-69.48233185605213,17.250029105176615,88.09845004358111,28.540332772252277,19.80237508175221,2415.8897599737697,-85.94894980964717,32.14754694345262,132.7391676737701,8.033693176111456e-08,5.233514270175188,638.488740961373,-51.54804691963171,-13.298757119492594,53.01269258531526,33.293252620642576,6.193026700590951,755.5492574720961,-38.08975549891508,-17.959393086573485,31.78844677768477,0.6657393462571313,11.290838807443233,1377.4823345080745,-12.308398680856355,-37.14015482379102,87.03943260194752,1.4103746610059316,0.04604705519751338,5.617740734096632,-91.96898413638392,11.627092114512612,93.05812082142353,0.3545863863575277,0.5426140472934475,66.1989137698006,-22.729596898132538,-10.254256555361808,39.69287483640302,7.072810986094241,6.836991756549748,834.1129942990692,11,8382,8503
-77.94074582259655,42.58799825535959,44.28774942019341,5.191864437936323e-07,7.308393553365446,1688.2389108274178,-83.38247634679944,67.03266063457527,60.88168672738134,7.373087075681798,1.5017009207817502,346.8929127005843,-44.53187275000683,46.170580488221745,52.69665294931709,0.3413735763779904,1.9260756853150047,444.9234833077661,-82.95322853034052,15.97960624882901,4.261666113314841,2.618561757618267e-07,12.151164381949346,2806.918972230299,-69.52339841606496,107.6655321735186,37.11727321798314,8.326194986155707,0.11525932303567343,26.624903621240563,-83.9941941777639,103.56991220445211,43.652035129424675,60.838226505331654,3.94306492767229,910.847998292299,-76.4204643393671,37.02310040623101,41.92790226842486,12.877387026716502,1.7849990183699695,412.33477324346296,2.7517143102059847,33.39917661692154,-4.343342601163025,1.2271416666322615e-07,0.19407527735078114,44.83138906803045,12.1057758773749,-6.401545254476064,88.38206937664683,0.4682666493319282,0.9327777443238816,215.47165893881666,-20.67812315161527,-5.757176321652503,-32.19591106069778,3.05411706330743e-08,6.100014802207282,1409.1034193098822,32.27476139860513,24.685156253819684,-4.917767305798678,1.3290930386404918,0.3401814505049414,78.58191506664147,-39.36892853348469,-14.504351869199947,11.083397115887479,13.35753414415311,19.32940683406655,4465.092978669373,-64.12262101856699,47.797167024177085,50.68693549685166,3.7471639044669293e-06,0.2286281016169159,52.813091473507576,-82.49307717656158,69.87393229707284,43.61878575262439,2.155399978206846e-06,-0.05143793476031165,-11.882162929631992,-27.157287101937232,-23.732407274792322,-9.423053366506993,0.8782129755562476,0.48303728533678625,111.58161291279762,-4.7679094445611785,-29.366289936561614,34.24524058573397,3.186073302229415e-07,15.771749953182352,3643.2742391851234,-48.13366813905276,88.28352629622657,29.983373781595102,0.011805554853542937,-5.239597601386412e-06,-0.0012103470459202612,0.0,0.0,0.0,5.216837316949311e-06,0.00017622068322328618,0.040706977824579105,-15.154028947242349,37.694833186385054,6.865956908742128,0.09110136669381229,0.25597413153354165,59.13002438424812,-84.21738190305227,37.85793229562556,87.91854203143119,12.162418318708962,2.165433602588347,500.2151621979081,20.861653231025336,-15.405770428834195,-8.014014885453864,2.2296000451913822e-08,14.260724432143375,3294.2273438251195,-70.37797776529099,115.26875498221558,36.47939856055029,22.538058729482703,3.5235949487223808,813.95043315487,15.854633729928613,-11.080833322238925,2.7623591571494193,2.8860487980119354e-08,0.9164875943516491,211.70863429523092,-51.666237913068734,55.407088778602855,33.73290943085707,6.584954398252182,3.3046117921566154,763.3653239881781,-28.96687807667621,10.763788724788249,18.412815775328088,0.9223238137700416,10.667960005639536,2464.2987613027326,-87.0880041613299,40.9544513609354,49.12520272084419,0.22581071519760962,-0.004866486132397313,-1.1241582965837793,-77.1570944839773,93.87852238807814,45.84327003954022,0.24078785217678106,0.1645371213665289,38.00807503566818,-31.75801624192665,3.935525323620069,29.71064226723253,13.970822097053448,4.967328406710346,1147.4528619500898,49,90,320
-39.570216470728035,-20.83084770267383,40.75041258226755,3.475512203066989e-07,7.827805907546457,1941.2958650715213,-51.842155055117814,-16.736948998065984,35.81130006706362,10.33521670010295,0.7182319262746971,178.12151771612488,-26.72144741446098,-3.4209265101736,44.37866031459073,1.7077172994033276,2.0319820348953472,503.9315446540461,-79.88088940868597,8.967155186816143,39.117140241696646,2.963148619862477e-07,11.885655679479408,2947.6426085108933,-39.86182682533111,-8.203350252263972,23.1162314401908,9.110649007444133,0.2958945515232532,73.3818487777668,-35.91859542269449,-9.08274100271515,35.474018250996984,37.592824241937535,3.578198841536067,887.3933127009446,-9.821717668713164,6.817634620259145,20.19605348266669,4.676206561562777,1.8642894000534835,462.3437712132639,8.348425469969246,44.162153817932065,8.006702654174074,0.03957837046718392,0.3031844126969207,75.18973434883634,-3.3010398076510192,-26.282141177709086,63.461331234125005,0.7591153945716,1.2081192567262797,299.6135756681174,-43.33806740989706,6.849094151245992,88.8237385104563,1.0930133541121831e-07,14.310458675224075,3548.9937514555704,43.36053448651064,59.95832606269119,5.093804121761032,2.2678445022760223,0.10757741278593845,26.679198370912736,-41.94014768047079,4.046319318863937,53.325504578784496,25.632679142241663,16.61432962381077,4120.353746705071,-3.789114610860604,1.7629883713216676,51.82574042270184,0.14153998591958025,0.4293531712239034,106.47958646352804,-42.77552525403464,38.81092707421151,31.687249725878452,1.616557544145129,0.14267517493899867,35.38344338487167,-21.589928827324957,-12.235099168740332,7.324184031966001,0.7188232015628027,0.33366460924819735,82.74882309355294,14.42388895694942,-30.31977090716885,70.7744578326128,3.1502760915953616e-07,12.409026448500764,3077.4385592281897,-24.29693456285277,25.193547424402073,12.424327874036917,0.34742567520554873,0.03922508650249878,9.727821452619697,0.0,0.0,0.0,1.8445426850006086e-06,0.0011942498723624389,0.29617396834588483,-4.719617556033633,33.53655558836552,9.232563569408963,0.4160107617531196,0.2954039586321445,73.26018174077184,-38.143383382028546,-42.70514492371358,36.541958288941444,5.190202891462565,2.2026512030722163,546.2574983619096,30.33224187381019,-18.368806525204388,-7.021379787435657,3.5915085090850205e-08,8.524575979942464,2114.094843025731,-23.59630172788159,4.774169535463126,19.682690028498357,11.405072592171367,4.750593058900846,1178.1470786074099,-53.087421337550985,38.76098670401277,63.590987047037636,9.548338940350829e-08,3.8415600552450075,952.7068937007618,-24.55682037890503,24.386904951845615,29.206110131371755,4.042441867482391,3.3411814830516464,828.6130077968083,13.83525850410818,17.147144878250643,12.143728813811034,0.30787556917797426,8.646686856970575,2144.3783405287027,-42.60595750386714,-16.602475468962187,40.4389070892637,1.0825090693183899,0.007476755407771484,1.854235341127328,-34.742160884106596,6.241791789623603,27.157521504627745,0.48280291801283154,0.27975985489129956,69.3804440130423,-16.118597985065687,-39.83778599344611,21.821316560944513,11.655776131191097,2.6016896564300813,645.2190347946602,35,0,247
-22.853625148383845,29.15811842548588,57.90869076258037,2.7074189640150694e-06,5.340140156209389,859.7625651497117,-71.64353151347908,145.9338667897224,68.96914470802139,5.246076706715211,1.1530236686273385,185.63681064900152,43.08381870822937,-55.25804072589345,29.205313264875915,1.868833727961478e-05,1.9068315925406216,306.99988639904007,-72.7940914148233,80.54381802644342,51.27177764838579,4.453118399522055e-06,7.256775745794642,1168.3408950729374,-42.53904777082551,71.64681509879824,37.186732742739714,8.364016567902903,1.0640964064101202,171.31952143202935,-71.15284374720297,113.43551615817829,53.504133685257486,44.566655054544796,6.055292513377077,974.9020946537095,-44.49052864568618,97.8993847087587,33.73864918303982,6.725185198223183,2.445613224301899,393.74372911260576,29.742972242455828,60.96650674993695,14.54810255341816,6.943354296538054e-07,0.04995802218109803,8.043241571156782,3.8157577031044694,-39.18674274389106,8.700540292202398,0.3574408618769963,1.10446308178137,177.8185561668006,-33.20231013842033,3.5831894429349456,99.75611639933003,3.897854205814835e-07,13.112024605862599,2111.0359615438783,46.86657616006592,47.516370036912235,8.353794835843818,0.7304275597379979,0.07553660892847837,12.161394037485017,-59.50227398157962,59.91678626921948,75.56498805261356,33.52913688683939,15.204069715584348,2447.85522420908,60.8818350216992,-18.46597741870811,58.44101429325475,0.06613202970722418,0.4618704177449691,74.36113725694003,-9.785786181322973,-20.470776407120024,36.7712602520094,3.0270730605213187,-0.11963917654177716,-19.261907423226123,-22.448024081881083,5.888191816467744,2.0384925790753323,0.72689033966411,0.773173657103442,124.48095879365415,37.480675908348374,-22.54816327146584,107.78365895090747,1.5496008366040495,6.319092894436174,1017.373956004224,-25.511084653491473,116.63539451743281,36.535918571940165,0.05279877860474593,-0.0017254288060806827,-0.2777940377789899,0.0,0.0,0.0,1.1272270746718429e-05,0.0009108943646177817,0.14665399270346285,15.632493471568063,84.9410773924844,26.634878552668013,0.3013668001676628,0.6066146106470632,97.66495231417719,-72.09293996430168,113.28333154844898,67.19371985742734,10.395054119337347,2.222215392468232,357.77667818738536,18.638450518191423,-2.916471257014423,-5.489931108705958,9.695703973103754e-08,13.141947873700131,2115.853607665721,-52.16690955797014,101.2093471580543,35.63536958364088,15.977466823076725,7.619592678103606,1226.7544211746806,16.257173869220118,49.46913488012216,65.09597075090193,1.6117802413856757e-07,1.5734342067465936,253.32290728620157,17.161905041361567,-51.41427101227948,26.08188825912811,18.59295890947045,3.9854127477620263,641.6514523896863,8.138690790917776,73.43464162480636,19.944604604256458,3.3905647138303765e-07,11.342894642767785,1826.2060374856133,77.09244366311408,-15.501614788656426,51.833160351059036,1.2665135625918382,0.01225293860732704,1.9727231157796534,-23.851503099873796,25.300854584297277,42.24455980886486,0.2858641448152835,0.3058751645900313,49.24590149899504,-17.057242946269113,105.66981035344698,43.69782624075411,10.473704011273286,7.143595218810288,1150.1188302284563,41,328,488
-63.36957773042074,3.6370256936565926,50.54739415224041,1.451714126142059e-06,6.0465091004517,1529.76680241428,-47.98246092173466,22.91544542315686,84.02888222711827,4.338675924820366,1.6853397014063718,426.3909444558121,-41.984266871937834,-22.155297114587444,14.863839360354996,0.048928236988940325,0.985768119399741,249.39933420813446,-65.345694164807,16.916881197012408,17.18631449430389,6.421795050200637e-07,9.550291116268061,2416.2236524158197,-70.88869044064661,-0.6984387820770505,44.78862067382614,10.224509529177315,0.2545039052994144,64.38948804075184,-76.80587673331733,26.939877992472656,55.66755520405875,61.96171367441331,3.669159860007811,928.2974445819762,-80.41086179911011,19.647937433658548,37.018713788387394,13.631570555928981,3.1066855323837403,785.9914396930864,-16.746439175804458,40.21407656931116,-7.0872219115360515,1.915529245269596e-06,0.31302980028462224,79.19653947200942,-14.32841720475877,2.073850012376868,-3.373103288208304,0.6287292544122893,1.049897067958898,265.6239581936012,-22.103429426952527,-14.882582492399779,26.087770350161133,1.5483127982571726e-07,14.50025482645059,3668.564471091999,10.46124548989923,11.815911292132272,-12.58722117051126,2.849765148377658,0.7376667052814201,186.62967643619928,-32.97055071128439,3.45885933343522,48.45441197752939,22.3061841591697,16.420278113395447,4154.330362689048,-15.34860807898798,-32.22517145105229,50.6425668132133,0.36077976904573833,0.36598385446421555,92.59391517944654,-55.749792201794,-33.18163990020014,42.09627886434157,3.6101099182215544,0.12114358218168325,30.649326291965863,-27.699177435915228,-35.561045118957665,44.687242680919894,0.6481618306841578,0.7381528541182448,186.75267209191594,-11.683029028655271,-16.573884067683238,38.98581209313705,8.603223662522347e-07,12.304477856164265,3113.032897609559,-49.22100539928043,-34.5012916518745,0.24218911552896802,0.7211449337978725,0.010120051707108757,2.5603730818985153,0.0,0.0,0.0,2.997445769035868e-05,0.0041440943165194566,1.0484558620794224,-30.622385442033785,3.2059056171865628,-5.597334315826821,0.4293358293995042,0.2671849218049689,67.59778521665713,-54.084534717180354,18.55366305034534,93.29477988875013,8.167662653361585,3.820951440448928,966.7007144335788,3.3495043244398026,-4.608672675328193,-1.8064065095054342,5.3298662554362614e-08,17.329057152236224,4384.2514595157645,-66.56767110746104,-8.458761317857597,34.51328126673438,23.050657485288955,4.302502809521499,1088.5332108089392,-14.7780466453903,-6.750609230310656,12.978883520747697,1.3617597718596517e-07,2.6266893001642435,664.5523929415536,-33.886526189053,-21.11848382933486,19.104293365218343,22.214686417654956,2.7768757735289253,702.5495707028181,-29.96782566403421,20.40256695518551,18.11519242648441,0.6774734040073065,9.718929499510423,2458.8891633761373,-21.656877833636454,-32.28971597709989,48.64268643415486,1.426137165817344,0.009459022764507169,2.393132759420314,-61.46862398523394,-13.68264993260887,48.34546412147833,0.5449351688622275,0.27019787785114846,68.36006309634055,-48.52700422524233,-34.00364602090989,43.169995059498554,21.837968476856,9.39531437555189,2377.0145370146283,9,149,401
-48.23154699855184,-23.801206884424893,93.72661645926998,7.597558796032892e-07,8.04763708047357,1166.907376668668,-6.699446491958916,52.24352251097051,76.14912025630433,5.943806465861893,1.0326970423834825,149.74107114560496,22.23805703255757,-17.252480065157094,91.82530952524367,1.2158511270344502e-06,1.793921158767296,260.11856802125794,-51.80005420616563,4.451197784993851,49.96267175094,2.3532220462323233e-07,10.284125051249129,1491.1981324311237,-57.802109762471396,4.696548126204071,69.09422263338799,5.736645808659416,0.602352233842213,87.34107390712089,-38.10232000897147,11.60517444261465,81.32181731360903,46.257493656355656,10.407506131552664,1509.0883890751363,-17.730539797155494,-2.7552076647499724,66.69976344656105,8.68265087486317,2.6095473353672025,378.3843636282444,-45.483968981032376,-11.898817223508553,67.05001002600356,0.23913660890297764,0.5360947048963197,77.73373220996636,8.955734005866544,-33.974063960497055,96.76262920411588,0.5782635925914349,1.0535834048730532,152.76959370659273,-27.894498005898242,-20.006999161040582,47.05520681189393,7.122895147309345e-08,10.822208416207019,1569.2202203500178,-32.11363129081606,42.25416200202816,53.8783588788299,9.039402490172805,0.7146395384944315,103.62273308169257,-13.781792645176655,-6.898893044623766,59.98649832537764,7.804031180263316,15.08800858651139,2187.7612450441516,13.87551878349304,-31.13644095815048,100.18730897831738,0.07220981275741241,0.5154995134448226,74.74742944949928,-40.51140921682045,-13.674116452935017,87.2374653444496,0.731508096650028,0.1555648021976156,22.55689631865426,2.2834860866957327,7.880622487527851,19.96957522019883,0.04745544382923452,0.3850199705345824,55.82789572751445,20.251287725512295,-33.34832554770085,134.21006621612807,4.40588316542452e-07,11.366577990299739,1648.1538085934621,-72.34152888199925,26.624729274326082,133.8610694161506,0.28892764703817186,0.014987838493644734,2.1732365815784864,0.0,0.0,0.0,1.4656293978652035e-06,0.0018917254289470943,0.2743001871973287,-60.185095786615314,5.134680948716308,101.39908204648887,0.11286208903031604,0.29889418907431775,43.339657415776074,-18.24145385701155,50.20677339943212,92.02113798423402,4.4187560964626265,3.7724339038840347,547.002916063185,32.23798462337112,5.385028443612265,46.25752716581041,5.525587655697723e-07,24.894318456893316,3609.6761762495307,-55.93112573837185,-0.5787257775829575,85.87836652332567,17.499136353703943,9.764355482255516,1415.8315449270497,4.671000462178513,-0.4669032084806078,92.37965471073092,6.245816864251515e-08,0.5126513318476756,74.33444311791297,-1.2559937600151292,-30.88352212433425,74.89633604268762,5.485879645544565,4.251703851364509,616.4970584478538,-34.024957055567064,-33.63809831454128,48.92161275406488,7.546286605418068,14.142896619644624,2050.7200098484705,1.5777841250659441,-31.699939454331833,80.71378544558601,0.414225281487148,0.02120163178549229,3.074236608896382,-53.629873877577374,-21.820548650346243,96.24994763787468,0.33866111086065265,0.47579339597569137,68.99004241647525,4.782699024705652,24.932276434943894,42.7827651027781,5.244931660461848,4.837525053715538,701.4411327887531,25,847,991
-18.634715050326676,-22.743689006374836,102.01152994830578,3.354586950041326e-06,7.432207782083567,1441.848309724212,-76.63819593304605,5.760894967960659,81.35170410240762,12.309244587061059,0.11673795800237807,22.647163852461347,54.472664416531856,-19.273410633650972,40.75112726047589,0.3655989914937944,0.4146247815424091,80.43720761922737,-76.63997713325757,11.06409983217673,96.63516246863969,2.5674100414496433e-06,10.824456457456565,2099.9445527465737,-19.372565259704892,-9.4801039516008,56.83233178439575,6.804445201239747,0.2506128873660066,48.618900149005285,-69.75506963249036,-17.27775316688006,81.0007366247067,54.430955335636476,4.061088338835333,787.8511377340546,-47.484264070926464,-1.8277736357227279,51.011379596700124,8.356629419572497,3.512970971206966,681.5163684141514,-21.06430394023515,-43.95177470886274,3.668142945269224,0.1373398090853952,0.39667838864292315,76.95560739672709,51.61055668618752,-22.388813734960355,53.19780294915366,0.1537246514149631,-0.21947763598487016,-42.57866138106481,-2.9749725573557875,9.500268286091975,155.36172884541864,1.1942121348451433e-07,6.478693345836428,1256.866509092267,-29.428925837212798,-40.9211209051866,13.261997146717889,5.884586387096797,0.6617155648002147,128.37281957124165,-44.44281384354302,8.307322063267488,104.4160816004404,26.148955815636185,20.447853502920207,3966.88357956652,7.185559957015558,-5.921402473904028,90.80094931542013,0.27791520573061435,0.2820283607740774,54.71350199017102,21.380049814291347,-8.474883786947563,64.21433388897607,1.2167005451732735,0.24236124755782337,47.01808202621773,-49.51950247425781,-2.0480515607384744,27.325482951808322,1.0970633632636744,0.7117220740240899,138.07408236067346,5.450094286228552,-20.435159265859294,182.8154867474157,1.2777922289287496e-06,12.819954644515915,2487.0712010360876,-39.618481682105404,-34.001874169650804,27.378312756956102,0.362258499966961,0.03940091876165654,7.64377823976137,0.0,0.0,0.0,2.5890940408135805e-05,0.0009501284578783484,0.18432492082839957,-31.231377134513245,-39.80889758947483,16.722710246768514,0.6017155251623677,0.3026203173057594,58.708341557317326,-71.8979786040344,-1.8177988856975418,80.01248053681933,9.731177691429469,4.074092601727523,790.3739647351396,-70.40588257242989,66.33184199316722,31.4464134403911,0.9196568759487294,22.430728406778705,4351.561310915069,-45.71314522317256,-8.463182545283225,44.41269277181452,14.279196541473166,3.637056170183007,705.5888970155033,-32.180418650880874,15.717411470985473,118.99752585283339,9.086366194971921e-08,1.68436814537468,326.7674202026879,33.632476681112294,-18.707056054590943,31.50168271739767,16.550282348269565,1.6888085435818003,327.62885745486926,-33.63699827740083,-28.69926773148453,30.72766505926224,5.4240935350418775,11.683956172914739,2266.6874975454593,-43.70131389684475,1.3953571125633224,79.22432352028322,1.7183421434661095,0.016465509610356616,3.1943088644091837,0.6275301651144958,-3.9787513582585143,67.22592078082793,0.37386778207970484,0.2760155882008407,53.54702411096309,-56.557574557559164,9.466489096240222,47.224697246550825,28.974687588970184,11.75400744479968,2280.2774442911377,42,870,1063
-69.69050496828969,-14.414400000309335,46.95763022739214,1.5340669391024161e-06,6.52853431454223,1827.9896080718245,-68.39498038519312,50.745246700815294,35.491384632461745,8.279213996996372,0.21772179701757102,60.96210316491989,106.51811933030324,-50.44647143744665,43.30799083792899,8.786153583537398e-07,0.7148914159793722,200.16959647422422,-89.42069223964786,9.905693999222974,41.23033282723165,1.3043277098164317e-06,9.55722181468025,2676.02210811047,-71.81809752137518,11.809632743576726,28.879651482389495,10.973035253475379,0.08356683057535783,23.39871256110019,-67.80092465924443,35.60816197882523,36.624436407744035,45.12868736208502,4.9390812764606915,1382.9427574089937,-42.05521526508538,45.3801830686974,23.1957391481373,7.233276848134361,2.052930946238073,574.8206649466605,-51.196408730832445,-43.08605293540809,21.576436118123915,0.22607451471810772,0.6462703364705544,180.95569421175523,45.66977257783857,-26.021732081235832,34.31621903130292,0.013031952198916974,0.6039399519704376,169.10318655172253,-15.143652949105471,-14.168242823495511,105.84498122865588,2.5187583582703453e-07,9.384451720852267,2627.646481838635,-32.44442489151705,-12.754398890054441,17.38061834950509,4.230999126059202,0.3601784923805675,100.8499778665589,-39.72998456908847,8.108762014724517,54.145318732050995,17.429794494326053,14.18338026469179,3971.3464741137013,46.05763052008182,15.2568050541032,60.63269059187547,0.01947665581956485,0.25358501954700013,71.00380547316004,-67.2574088182548,20.51948936080714,38.590768794890565,3.5955757411593387e-06,0.08863307311859017,24.81726047320525,-14.346238376432854,-46.86150830513246,-1.391089814896748,0.5229422296502696,0.31466976708327754,88.10753478331772,24.00022001994211,-28.165002267376355,95.02848396815268,6.848312414653474e-07,13.716737179436114,3840.686410242112,-75.14665021164961,-28.411917451985623,40.449147362399756,0.747507318348281,0.03445364457717317,9.647020481608488,0.0,0.0,0.0,1.5056554934543441e-05,0.013326997720820726,3.7315593618298033,-62.69027122917238,-48.92106956520396,30.195311561327244,0.34435974513590334,0.12367626060409463,34.629352969146495,-66.34419359703364,36.01152725014658,34.247593847103765,10.545928805173256,2.726775724487231,763.4972028564247,-7.4081692986926555,-28.30448811204483,-3.4888511292189324,1.4631879163464845e-07,16.44932276733237,4605.810374853063,-69.47824525735246,25.753045963515397,29.690325084177253,23.141429677677788,2.8416442633822756,795.6603937470371,-9.943508774411185,17.432198536114097,106.65108321803235,1.7699052108742045e-07,1.3296727278383829,372.3083637947472,2.7270770872048358,-16.632945209649197,31.540706719953306,6.936953044538608,3.3725219230774655,944.3061384616904,-43.85742808530206,26.239329015280738,15.421732663780455,4.255269042224022,12.781006724925696,3578.681882979195,12.769267947798395,-14.962375681082893,50.91769545268525,0.13645810465361644,0.004874584692885731,1.3648837140080046,-80.63760915853801,15.839042935532072,37.35685442363031,0.33170089323766305,0.25141133494027196,70.39517378327615,-12.959713306010048,5.536730455931748,14.119545014526139,6.946912013399296,4.273962133772705,1196.7093974563575,37,328,607
-18.17282815728164,19.27708448125979,40.65060003499494,3.3394140615319893e-07,4.326770531426665,488.9250700512132,-2.8788210029624426,23.881450089318783,29.1898786629153,0.8036143398661295,1.9458669097159766,219.88296079790535,98.97764654263324,-26.742219387741915,9.959604728160437,2.516409664672956e-06,1.287801812181043,145.52160477645788,-38.65134935724079,17.34690765486116,33.51053071047904,4.928963345257024e-07,5.766054144202452,651.5641182948771,-19.55089777935225,-14.791635156151505,23.08447766942757,5.929284361721596,0.7821434915715579,88.38221454758605,-19.54689504816122,13.389021329103167,30.028410718306166,14.523275939363204,4.484350528545308,506.73160972561976,-28.556405579600437,14.554658895934324,38.68104021404915,6.545266861253167,3.2543285125942134,367.7391219231461,-55.6554358014401,30.95775832983188,38.10931661318466,4.2300966936413294e-06,0.9449316125460403,106.77727221770256,31.896626779545944,-6.873158584036811,20.110244828022648,0.5525856824539388,0.13427135987682184,15.172663666080869,-35.46580298289295,18.45631652400045,-24.28768088421424,7.015716645546043e-08,8.119149405384821,917.4638828084848,-48.20586335633571,23.694210958974402,35.25495453717836,4.9094502463132805,0.5701683402585169,64.42902244921241,-11.280800070517289,26.980113075267877,23.889372704176864,6.560122288452574,13.428188848294958,1517.3853398573303,37.86022861806851,11.579703274621327,31.162173667757457,3.2001603847387607e-06,0.3911734780640466,44.202603021237266,22.61696341750584,12.193985013413535,27.291425210834515,1.8128192694340126,0.6127609446051354,69.2419867403803,7.868126286155319,-30.288224989578204,-16.796393087932305,2.086682136924869e-06,0.25561830020051646,28.88486792265836,-12.739258224813518,14.409616734935124,53.029817636539555,2.1692105131091584e-07,11.801935709856528,1333.6187352137877,-45.296651056769385,29.514679135922993,40.38011794767616,0.23358164698033518,0.04025427255698563,4.548732798939376,0.0,0.0,0.0,2.0758159564768473e-06,0.0004346844670914716,0.04911934478133629,-55.66128155408047,79.42415952662103,52.242244158695264,0.3034426319106561,0.18482278851373687,20.884975102052266,-0.6188944068635296,46.99437532404603,33.12123974435764,2.7087568728108695,1.8396249186479339,207.87761580721653,-23.34379450020914,28.26119213278528,43.77428242256877,1.959681696206276,16.152913613517303,1825.279238327455,-33.32506415467576,0.03269804304945716,25.782126669476714,15.045247088983585,5.340685795518034,603.4974948935379,-3.628193347451091,27.898678839597675,-36.494173751772074,6.379062189766754e-08,1.8941714573081803,214.04137467582436,93.51790861228808,-19.756660239689694,19.48364522629113,5.652151588336916,2.2898329383005023,258.75112202795674,-38.54089060791127,38.851676331703985,42.9650793834826,5.550622523248655,13.736716680195304,1552.2489848620694,-17.810696654947883,35.39897302119431,30.087899402524176,0.936771885529999,0.07792615140344755,8.805655108589573,-10.30171879017277,7.089434950519453,32.201355679582875,0.158651924711885,0.5805998726515844,65.60778560962903,-0.2684518165763989,-24.56847821561033,7.461968508401565,5.333990078485703,4.576864907336135,517.1857345289832,47,303,415
-28.353780348117624,-13.821549075057405,17.896394128843465,3.676356105770033e-07,4.118103256761113,856.5654774063115,-27.307678828751868,7.153096812131674,8.587782149317027,3.2580183117231445,1.1509092349875578,239.389120877412,-48.28204158335946,6.402449385904892,18.058956211807384,0.5219926050950148,2.1106742467901287,439.02024333234675,-45.27177736619141,-7.187089795666123,15.17400243298539,2.874383365825285e-07,5.2940142220077515,1101.1549581776123,-35.434464118253096,-38.13919272428375,18.690626608902562,7.853837311186325,0.0636884229017365,13.24719196356119,-29.334091511443994,-16.024526814622845,18.520507200846048,13.577406541754792,3.735782421491682,777.0427436702698,-5.74496285551134,-21.26890747239954,40.06356460326844,4.804870393972371,2.0084714772701338,417.7620672721878,-40.16125414650853,-23.477991257033285,53.67996679215232,0.3464293461391884,0.6121813814084507,127.33372733295775,-18.55205037247726,0.36273848909652584,37.00760207253105,0.32779708191590823,1.2175297461910866,253.246187207746,-46.015349784698465,-3.064823789310232,23.21022467014786,1.300395901552162e-07,10.29316962104575,2140.979281177516,-9.630972671346825,-27.037192752214246,46.5518268727799,6.5069556270978195,0.8474238468313382,176.26416014091834,-27.52830356383414,-15.650319314457729,13.681340293937758,6.5901436813455,11.160455245644737,2321.3746910941054,-62.34861835266893,-4.141088859887316,16.110279041921146,0.22342423633459152,0.42904717548031984,89.24181249990653,-41.36031946157548,-8.684264894293452,18.499479920332927,0.0001428073826120371,0.26798995677039483,55.74191100824212,-2.855262152965239,-31.13292403915467,-20.576118830406255,0.20713956217181836,0.006037363678277613,1.2557716450817435,-50.432262773668235,-19.67059569777556,24.01309154367385,2.3197070160861518e-07,10.778426713363912,2241.9127563796937,-57.377909047775724,28.480475668371746,95.7392701788232,9.442237510990156e-06,0.028932774333712313,6.018017061412161,0.0,0.0,0.0,4.603785538854229e-06,0.008474382334362289,1.762671525547356,-47.7489210393569,10.607875002394293,80.11462872632939,0.7354404084176416,0.273478053889533,56.88343520902286,-30.31749370623232,-14.361961119665809,10.465577930371905,5.4443767301310555e-06,1.6786839429284048,349.1662601291082,6.844898427461719,-26.68082520111181,33.16825149847841,1.24304122812257,22.65112166050913,4711.433305385899,-27.676496556259554,-25.45696943474115,37.66514218796232,13.799164380387529,5.347884018669803,1112.359875883319,-46.982778917631755,2.3796547561142467,-6.3759538373335385,8.766251543779157e-08,2.2234661887949323,462.4809672693459,-29.309515130759976,-30.478527185199795,16.759677080206394,20.98625357108439,4.520549926525924,940.2743847173923,-7.5989809623803275,-37.7986935410169,30.54833960936608,2.3318908567444647,13.57135098525655,2822.8410049333625,-67.53204516533864,-10.430686135364308,10.226808647232103,0.40574435126139474,0.030295246750990063,6.301411324205933,-33.42953977795939,-32.89676213210155,23.28671216632117,0.4295699336526042,0.31898351649505396,66.34857143097122,-10.958983069928859,-28.000199608085293,0.49156808387008655,13.563225517065908,1.3733568278619959,285.65822019529514,51,232,439
-8.175138713209144,-9.53232539883954,63.00589388626528,4.350484799274447e-07,5.063864078488021,607.6636894185625,-11.59545739264061,-32.50312086168138,63.692509726797,2.104933794813353,2.381557265167382,285.7868718200859,-38.16365790953974,-49.74185296646001,-12.458779424652473,2.150153277756685,1.2840707823852986,154.08849388623582,-24.14967161996084,-24.67031125571946,53.98289986389583,2.32552946460462e-06,8.90163696175709,1068.1964354108509,-8.561336976761632,-5.373321291804637,41.84311962678028,6.189195043972471,1.1420889419912537,137.05067303895044,-22.917652314213353,-29.732260293293166,60.45022553369416,17.5178919244744,6.83554968619552,820.2659623434624,-19.328793276143152,-40.05356118395876,45.53097118151231,5.866623126168167,4.146503293366907,497.58039520402883,-47.09818958492725,-76.12260640043132,6.259140592003125,0.21639143380287654,0.2535685728816196,30.42822874579435,9.968684538785634,-21.599473139076725,-35.51214922686964,0.12213924868977726,0.63265311755863,75.91837410703559,-26.38551660757116,21.39435955219562,139.0132752429109,1.0461595678193005e-07,8.280345389922367,993.6414467906841,-48.56808269714459,-43.78809530212382,19.341155960417055,2.98165856020642,0.17955022488927683,21.54602698671322,-9.799192867573536,-12.474112677595867,69.69255738535772,25.583800144699374,19.15362905860609,2298.4354870327306,-34.77333848500687,-7.602475422623477,43.48371613428984,0.24723294693472742,0.48682476508379047,58.418971810054856,-34.491939457210165,-7.891225776209065,28.01450398241629,1.8009279137800618,0.5918204136918613,71.01844964302336,-5.987834168383452,-8.21386666488741,27.55226540345993,0.5672165857342376,0.5357521720549488,64.29026064659386,-22.17280432954696,-47.5198311986038,60.87357278463781,3.236951683552266e-07,14.602809129872094,1752.3370955846513,-52.14316477219471,-68.55598759557707,17.46038617120586,0.45299717286568963,0.09285276210845445,11.142331453014533,0.0,0.0,0.0,2.473025443652627e-06,0.0013181454967620644,0.15817745961144772,-48.65629586101877,-73.78230846276438,13.578141781312542,0.5188580855832252,0.06783084195574779,8.139701034689734,-15.944895518883195,-48.993231297754406,70.11998066371655,3.4381405210598297,2.3001543229955077,276.0185187594609,-28.026723453737812,35.33918254141571,37.002682190379055,0.6442307683113019,23.856782864181618,2862.813943701794,-25.233902857277585,-25.276490724362016,32.739702268728244,15.404228743851979,4.740850846316661,568.9021015579993,-81.90662313412557,27.448102656224837,138.19609939033361,8.078510406853144e-08,2.1732533372440304,260.79040046928367,-38.8130851931714,-50.852466299859515,-1.9367141323905193,22.235981415476438,4.197989822837001,503.7587787404401,-43.00670654681626,-51.845238184161616,34.01396172655536,5.237999594500192,15.11670336184563,1814.0044034214757,-23.216903048757906,4.779726204406552,43.30187191932712,0.9279264437894423,0.03421992265714504,4.106390718857405,-7.426004180894995,7.142785875992096,38.069443248827604,4.88089350172737e-06,0.7258919976516448,87.10703971819737,-20.872918404206906,9.214090177427893,33.40798168497829,7.719477326972398,5.988269634030592,718.5923560836711,27,151,270
-64.16101560591918,46.12281185616363,56.69591928593382,5.109281306928588e-07,6.262001373555233,751.4401648266279,-16.604968920506003,-9.437691460735506,31.618074351161106,6.693575475998434,1.7683686297874952,212.20423557449942,71.98701732654712,-28.97954650105466,16.725597538751163,6.922344693860409e-07,2.480810105526044,297.69721266312524,-41.11541967087995,40.47059293691224,53.65404684929146,4.7047110331437467e-07,9.052325372317371,1086.2790446780846,-60.72226014825392,45.198317160641984,27.23633164855884,8.42306977293201,0.6846384963984072,82.15661956780887,-40.257266125556605,4.486157119684568,30.458367413024835,32.584745480268886,8.34000870627552,1000.8010447530626,-33.213816134849175,-3.539907547699348,23.992427612386127,5.3407849238224765,3.3799984313458187,405.59981176149824,-33.51785214605903,-34.34765448378057,15.925887371401885,1.2268527009105331e-06,0.6441607347786378,77.29928817343654,48.80357416055871,-18.93470551300168,-7.57881458033047,4.2902124646358874e-08,0.08933924308473727,10.720709170168472,-20.52254218776751,-4.425830143935629,30.90556116043142,5.990029766025726e-08,10.037289923427595,1204.4747908113113,-35.76901808818438,0.6770201788125169,14.336636572890137,2.6168175213992493,0.09638879517286156,11.566655420743388,-16.016357399970317,3.8822371015723105,40.29572814810532,14.52961767237191,20.80884033052541,2497.060839663049,13.279461165481795,10.578013255104,69.42617385519907,0.17719975896342427,0.3749979423753333,44.99975308504,-54.89768756325345,35.12872808566152,51.70369001459129,0.892118715934021,0.1409880629480466,16.918567553765595,6.429330221413617,-28.37908156645281,2.6294649633875347,0.052415901744057226,0.43217442294344793,51.86093075321375,21.7075331395347,-6.363617858622686,87.22071255384243,4.478454996386168e-07,15.149315275107702,1817.9178330129241,-30.90057341725548,-18.21818497828144,20.185069718424064,0.16770675959980866,0.06381255742326689,7.6575068907920265,0.0,0.0,0.0,2.5557245906576376e-06,0.013221155123986073,1.5865386148783287,-33.34955513727189,-18.3707569819256,18.06253678420137,0.5051988280521293,0.391795141356788,47.01541696281456,-18.200913725925247,-25.80196180593766,24.324938829431332,4.307451968865422,4.67958162491476,561.5497949897712,-24.05594988626204,-31.832070798243123,1.7717851862035519,8.726591211097555e-08,15.67922145700752,1881.5065748409024,-40.11277029698425,27.23416654552837,25.215267425134712,13.543651471399313,7.88354954234446,946.0259450813353,-4.304952446394819,-17.122318922519018,-19.572591228438128,4.743745561158687e-08,1.8204655602682465,218.45586723218958,-1.569552197766912,-8.504263952068614,26.418781830803134,2.816782213445693,4.185619932308498,502.27439187701975,-41.07345176189532,3.13468706700015,26.419634743238646,2.8961600284073157,10.859622257861501,1303.15467094338,31.687672338835878,51.32081640055157,74.7234220801885,6.54557746496874e-06,0.02496080292431938,2.9952963509183252,-64.77308825193263,54.36443581324784,44.13004788994063,4.696453808239868e-06,0.47987658375355496,57.5851900504266,-5.561904210384577,-3.409598534436796,21.972475711143716,8.84409173141964,4.9735985422687685,596.8318250722522,20,55,174
-55.376976678907475,-14.837798054968909,57.54791180058848,1.6060203582406873e-06,6.003918229033552,912.5955708130999,-58.66620626440171,22.45842623840503,74.21860943585871,5.689064526690426,1.3678506850141592,207.9133041221522,59.28731361117696,-42.58406955392065,7.274552531588907,0.35736517527616424,1.9803184330280026,301.0084018202564,-67.97955432387074,33.95830708385884,51.709825024053934,1.3258395685472943e-06,9.133890936448621,1388.3514223401903,-74.67387095163338,-23.615103426040633,37.761449414137054,12.247898476973512,0.44120236347549985,67.06275924827598,-64.79460874340094,-15.06971592390021,56.50315886165227,22.57027826688419,5.55574747657989,844.4736164401434,-31.617573578637792,-30.044777463724625,40.05150295472235,6.985020181443968,2.4236849321104184,368.4001096807836,-9.722950482436651,-72.033560431284,3.4146976890521588,1.3548682744049352e-05,0.2258297768372117,34.32612607925618,45.080864857650866,-25.18148677425385,-20.79663637642736,0.15796398231063877,0.28599692417879036,43.47153247517613,19.350791927155466,-25.083761567166686,-19.39118544366335,6.939522225325751e-08,2.7709452348275834,421.1836756937927,-47.377070604429115,-36.28205438310192,9.551253177050686,9.224367461333708,0.20301232521900042,30.857873433288063,-40.04523088764441,3.3255946682454294,50.001730181784396,23.898326373430173,14.498017545471113,2203.698666911609,18.446143018941086,-23.773942360163495,51.574605340486755,0.1452839492998203,0.4629960678218109,70.37540230891526,-18.33035322381684,-5.0147295330644726,38.62060161690158,0.18821139781363816,0.3331793702119311,50.64326427221353,-22.765060381146593,-18.063143582879853,16.54161631775718,0.7390292644148719,0.8079260060117686,122.80475291378882,35.67260119886635,-14.678433440806938,64.28236817441815,8.491626110224399e-07,15.99429457436791,2431.1327753039222,-41.67689211771719,-27.950841301844626,27.6984279832113,0.7007590284813358,0.03615362386757638,5.49535082787161,0.0,0.0,0.0,3.4314538689431695e-05,5.7023981802020874e-05,0.008667645233907173,-17.48091939745159,-57.95586575241637,18.526246590718692,0.5161404346868319,0.14023190633012628,21.315249762179196,-55.13974157311621,30.746639415906724,75.5435120824837,10.16281401481713,3.0478117713748722,463.2673892489806,-36.152803663093266,45.25224865254983,23.832930645387844,5.306756850552997e-07,20.360137714511282,3094.740932605715,-67.85184005885945,-25.416840400900213,30.208891212403255,22.098231113853945,4.636014993812648,704.6742790595224,23.07195351396217,-36.588673639961506,-39.63071513701248,6.789087951345922e-08,0.8072686656159319,122.70483717362166,28.6688376567147,-7.619937933349716,14.13985937127432,8.661952523912271,3.758580879452072,571.3042936767149,-44.736072683863576,-42.9735997080737,20.039749687462923,4.782109065622048,11.541550020995084,1754.3156031912529,-16.373110924561672,-0.4493259146616707,47.24013277726762,0.18001161224500092,0.0650138104779731,9.88209919265191,-53.26839626199374,-8.003192026194753,41.94939508051368,0.6470698216781166,0.477876780647364,72.63727065839933,-28.936487910707008,15.155859421176714,42.61740954631578,14.07759824909346,7.372497943776014,1120.6196874539542,52,520,671
-22.299702956561102,34.04657950855899,80.69246289490815,9.618144336107446e-07,4.740245316813249,696.8160615715476,-84.15182580129306,16.350215235369248,54.5518357754023,9.053981558795652,0.9500791636336974,139.66163705415352,-49.68265381598794,-15.471284378892177,75.8366494236508,1.2634200053174689e-05,1.4837560104608025,218.11213353773798,-78.37310320331686,45.41777650921058,49.865373253730404,1.1641182532122417e-06,7.226708316636457,1062.3261225455592,-55.1611110224948,-9.257995177655957,53.45575946892593,11.566284599531878,0.17254148281479884,25.36359797377543,-83.10373572104358,25.88849865371488,54.83397567568616,55.15611264563186,9.989557882386046,1468.4650087107489,-41.46689240467997,-20.74876567921025,6.654321729377716,4.603851112645685,1.5118976820875378,222.24895926686807,-52.43306057894546,15.057805337592105,17.7735338869947,0.16290829839148854,0.6942421046109367,102.0535893778077,-25.891590513245262,-27.63584427846315,98.32075586745914,1.4763544349692868,1.4047457245970458,206.49762151576573,-47.869057806398324,14.73019535552729,104.59545198254796,2.0016214946150545e-07,9.329132461076107,1371.3824717781877,-12.837370690899515,37.675127441018866,1.9924614934453035,4.112863303406096,0.3527164927069786,51.84932442792585,-68.37138890066198,19.982140905666125,62.1352819142154,27.2115585009634,17.513840425161728,2574.534542498774,22.05843074458096,16.00632512819142,103.08813992410593,0.11743979042683002,0.1342465923175511,19.73424907068001,16.84532910700189,14.33624555169283,72.54399504103486,0.9068135874376423,-0.08545320361473456,-12.56162093136598,-4.015887120557789,-27.827071682802256,-2.3121309880885716,0.14765416101008297,0.7168482657702059,105.37669506822026,-0.15673234686721105,-23.917778741313086,144.05997729125548,2.084746165635932e-06,9.195540526795575,1351.7444574389497,-81.79944362436206,59.58389038362297,64.57657010630487,0.2928998383132032,0.05155188440339668,7.5781270072993125,0.0,0.0,0.0,6.403729028749239e-06,0.01517107626907801,2.2301482115544675,-70.42599752269797,21.711770680376542,41.381422535259595,0.309937542433839,0.23718488840305058,34.866178595248435,-80.05260379921555,-33.98307818234122,49.61652311792405,17.930814611567772,4.698200571400593,690.6354839958872,22.433201036217536,-19.958537993728566,-14.151111353026359,6.733309645787233e-08,15.309208522593416,2250.453652821232,-81.02039689160333,3.9059641751882332,48.07111566411646,23.041901482447688,8.382384099887553,1232.2104626834703,-51.286597980290175,37.956250665045935,91.75252520406713,1.374648783766282e-07,1.0488802044547945,154.1853900548548,3.119690572439992,-22.8708128278558,64.59131163584567,18.096555804333406,3.8993078751440975,573.1982576461824,-37.358310360505484,0.8428869415457109,-1.094590100112479,1.5787207953512703,11.591000276129842,1703.8770405910868,52.53053425953568,37.34717791457869,71.24708245216928,0.9081572005578757,0.01993284790640353,2.9301286422413186,-12.630834292405005,16.82519438003913,69.99372448858881,0.6165367646454282,0.19989006478946314,29.383839524051083,-9.900607220012208,-42.509051680549334,8.31706790481766,1.166154263685671,7.218951054536944,1061.1858050169308,31,750,896
-20.242560694766368,40.686185205813686,63.98375565777533,3.2030957168730643e-07,5.87977746394199,517.4204168268951,16.253468986984178,-60.03048209652149,23.395927822422703,2.956706327792874,3.9942174915932345,351.49113926020465,17.14468414242273,14.778229153829638,32.98848504035432,0.7912658079802799,1.74134966193392,153.23877025018496,-28.095754110112413,-9.973982362307261,58.894440861472816,1.0956585392729466e-06,8.058372824636173,709.1368085679833,-17.901083015132045,22.12239379526494,40.8137919710886,5.289854150909127,1.78115092284209,156.74128121010392,12.172559132167848,-25.960926735138194,43.91095489466928,1.305789322680489,9.733860177633652,856.5796956317614,19.269190900116996,-26.029121009722907,25.803121369164835,1.0181612161839086,4.1308862014548,363.5179857280224,-7.230806731837412,35.9580211858552,24.15435641962383,0.048754073859559835,0.3318547062199119,29.20321414735225,37.161631121230954,-21.332798942972644,53.311362727313416,0.11449345751662836,-0.20492423833067983,-18.033332973099824,-50.0303908859925,26.253687381128643,144.00943561541274,1.1455925426010104e-07,13.312933759435369,1171.5381708303125,30.93014238731586,3.888874317984197,19.968652454108778,0.808503568521851,0.20853600560550378,18.351168493284334,-1.6123307055659186,17.168772672063465,61.44817051069021,14.458159237872668,17.765082914804562,1563.3272965028016,13.628807780595773,6.615957000120669,68.47103670962711,1.3775061269220188e-06,0.41013566732573375,36.09193872466457,-17.0875596210312,22.09894702172829,42.30627085803005,1.9326955902800569,0.5773893035038641,50.810258708340044,31.336970498489407,5.639655597488485,4.0730237580659105,8.8751459965097e-08,0.006305713518091984,0.5549027895920946,32.30843508378619,-11.998769402384072,144.7146246810099,3.6277955707702246e-07,17.527597926107948,1542.4286174974995,-32.23507208812096,11.489261570420165,38.948433697417634,2.575009597810874e-07,0.08580516927247434,7.550854895977741,0.0,0.0,0.0,6.554540742066813e-07,0.0019189556137502895,0.16886809401002548,-15.597111848524126,32.31999041471139,35.21340802572958,0.06947688696561181,0.2842821355703407,25.016827930189983,18.001720553217147,-28.73354226109519,24.336390207787964,0.838548881511569,3.8405635691963913,337.96959408928245,51.39595107194427,-26.830674757330375,6.485645952308973,0.25457716418235493,12.567646172121497,1105.9528631466917,-13.156015464722696,47.29784306138933,36.10821318245663,8.709667807572009,8.413561896502868,740.3934468922523,-51.91393030855589,57.03705817896001,152.70629910872344,8.018231196013789e-08,4.210972701112611,370.56559769790977,5.174596607225319,8.837015934139934,29.081190154101783,19.37204050193702,6.857901719663842,603.4953513304181,24.582119505438374,-17.340040289717006,19.809516270539753,1.638152759732059,9.724413692149572,855.7484049091623,30.81924695764683,59.401319545732015,62.461584806748526,1.5851924008075655,0.308127965492858,27.1152609633715,-27.732910273657907,29.222966589415016,47.15955091227228,1.784649678445816e-06,0.723729879537449,63.688229399295516,28.386707859020298,-23.428762345292828,13.547836559298648,0.3553371671797079,0.21729060607066755,19.121573334218745,22,159,246
-45.489924051332906,-25.077092296124064,58.09042491169222,4.483127974980567e-06,8.156488345935067,921.6831830906626,-53.13350643446333,-32.98269391122053,28.910749912747917,7.0907241498372455,2.0204653914999047,228.31258923948923,4.94440301895231,-5.706899260542338,58.78446419157358,2.336857082285379,1.9985737500103742,225.83883375117227,-65.47388451514333,9.420024949054781,51.39189709814966,5.869450308936695e-06,12.033737223947929,1359.812306306116,-45.21814141817027,-27.7322419415755,35.82335502509896,10.297814340695714,0.811896842631732,91.74434321738572,-52.05046397622068,-33.321985013313416,46.1685374756953,41.846804609855646,11.828078612680821,1336.5728832329328,-52.94452573531502,-0.9615670923948232,63.99282736361464,6.7423510003840175,5.193822039974475,586.9018905171157,-52.27881754547885,-67.93330197714921,47.91382616402136,1.781129366265962e-05,1.4750848238016314,166.68458508958435,11.290429795500643,-27.208963627406956,90.83682283158979,0.7844302394402427,0.8250913035015345,93.2353172956734,-34.30916556480471,22.47476849928208,61.25788231953474,2.3867664846150006e-07,12.050070992946884,1361.658022202998,-59.88023213666165,-33.474385920839055,48.88752925072119,2.975840964070373,0.8099358929197992,91.52275589993731,-45.75650352912965,23.2595484429389,52.52365606857127,15.11854182595908,28.262403156616017,3193.65155669761,-41.50174554112979,17.106156336518172,68.91544206427909,0.00013663027907008784,0.37672096781315806,42.56946936288686,-59.929604044686805,24.508832886634675,42.34526775970562,4.6914165498359224e-05,0.3104756836933967,35.08375225735382,-5.041140647546116,12.37934617315603,4.903715752851815,0.4105693186016467,0.449095663707145,50.747809998907385,-15.162866393466373,-32.88089761322241,118.8931481283455,1.2484131936520139e-06,18.42596948837412,2082.1345521862754,-75.42366099576017,-61.11342796454583,59.47849154204249,0.506340384357892,0.0736710779106741,8.324831803906173,0.0,0.0,0.0,5.897889002745164e-06,0.0007551030040208224,0.08532663945435294,-61.53234156608588,-61.75378991522146,60.457260993817286,0.14723733636317704,0.5920566277406863,66.90239893469756,-49.3899806407694,-53.57875646382916,26.73505986440552,9.224266366944443,9.508669233817287,1074.4796234213534,-39.612470421777914,30.650374267609926,26.479870397599324,1.3617450324663373e-06,16.959844541925037,1916.462433237529,-53.57863892431841,-26.20853987046159,36.104840745772925,14.719053633244766,11.793913320776825,1332.7122052477812,-79.41724575419367,38.60745091222893,-14.98777422610289,2.507360250148154e-07,3.7451979066317933,423.20736344939263,-20.61356199488404,12.146720785301184,36.360255526061394,24.87017027571101,4.10790024046403,464.19272717243535,-48.91068575019564,-18.20912563499251,46.17088734652164,6.510601303702103,11.680248977504242,1319.8681344579793,-76.16788820996153,-17.110256086079144,54.607707552026774,1.0334383938137264,0.015289977119703787,1.7277674145265278,-53.01037647034117,15.568231288455003,43.336719253242926,0.28834593665001734,0.6714684049083208,75.87592975464025,-17.667582418852934,8.876107208717457,21.49406218757257,7.917137914107283,8.056185607993822,910.3489737033019,55,8391,8503
72.61323597983034,-8.059639703460673,69.15156833803604,3.430767675014442e-07,4.549386600541027,705.1549230838591,-31.045295861917488,47.46818043954188,39.27281894517385,3.8394979561389517,1.6769536804317002,259.92782046691354,15.247834584924835,-15.058642269864981,55.01616410064045,0.6044820168055588,1.481517318051195,229.6351842979352,-11.568822543238698,20.023648839474433,63.092374504890614,5.794600952836789e-07,9.6200771647258,1491.1119605324989,14.526478386889533,1.7571159143750417,43.228929005671986,5.019427969191046,0.8280152053949896,128.3423568362234,-30.324512112786106,23.101943549783897,55.13013074922603,10.076399391354991,4.3101839046543455,668.0785052214236,-24.896939292165044,46.02965744402921,25.68139361804735,5.696750339656747,2.8552098529300127,442.557527204152,-28.838715387755148,-19.75475216769228,12.29036135940643,2.980248136815275e-07,0.5540640810039963,85.87993255561942,6.34299172898208,-47.02661928546031,86.06561287819584,0.48388915928285103,1.8723063468116188,290.2074837558009,-28.562267362213706,9.699141544752926,106.33756614012017,1.5296471399707786e-07,8.392297150125616,1300.8060582694704,6.275595454800671,-42.818151292886895,0.5711834024031506,2.1849334274084273,0.5882820958144344,91.18372485123733,-26.74300203991925,30.12224837987735,62.14093424555431,13.42636730579605,15.995837641879318,2479.3548344912942,123.14504476346919,-2.5157222055538506,79.97990720478839,0.0007585686041606999,0.3400734460162202,52.71138413251413,114.73406595962352,2.8081651802396776,49.288631558360535,0.0013187324664860319,0.11322449327588364,17.549796457761964,-11.650854759557115,-26.46012034910561,-6.2427658815511755,0.7811412611042001,0.6057246674961168,93.88732346189809,109.15772328417697,-22.51623219114084,148.24593212004643,2.824616614388187e-07,16.30047077635749,2526.572970335411,-45.88696071296994,14.87243119160474,31.231848244816113,0.16593792389179907,0.0617010063404255,9.563655982765953,0.0,0.0,0.0,3.6976782156564463e-06,7.476739585233764e-05,0.011588946357112334,-54.76372656647619,-3.7596965363750394,26.143637363613788,0.13524594158548336,0.4950272013531517,76.72921620973851,-25.498076216806915,24.96628127896716,32.72558423232514,7.901104930263801,3.88133870427533,601.6074991626762,12.320315383053956,-6.242949824490234,-11.354976627064946,3.503388976320055e-08,17.799987201459412,2758.998016226209,-42.10582543973501,4.601394082798057,36.15511614787502,13.8071281200583,9.116240669621176,1413.0173037912823,-37.424762595223996,14.335269628794553,98.58986255041745,1.4585491618469216e-07,1.4817466763280462,229.67073483084715,27.445044938009538,-17.098990679828844,35.39233695898922,9.32051244470164,4.089210613262451,633.8276450556799,-21.415740463510456,12.615863002569643,7.87392461033824,0.9102154933285349,12.761111915323097,1977.97234687508,171.85458237211748,6.026721676350138,61.28923073508482,0.21192083115772437,0.020545712180512373,3.1845853879794177,69.91078184893803,22.064583905122532,50.61856719504537,0.03423059622640428,0.21797565017313456,33.786225776835856,-13.07962575570219,-35.310659339758175,5.223891144996074,4.231510529560923,5.793643184516992,898.0146936001338,18,199,353
18.66544536067455,-15.40069364867605,76.59040831727953,9.059164146778176e-07,6.0138558161354005,829.9121026266853,20.017809873382873,60.26387923158012,101.10423645609276,8.747685278813718,0.9128373826690084,125.97155880832315,17.83022131145766,-10.486663816923256,23.63088199235295,2.237165243383124,1.1797908208388048,162.81113327575505,-49.66810540684304,-0.20528774866678193,53.81208025750688,4.051186381122538e-07,7.334438611573329,1012.1525283971195,-9.433281595719507,10.716360429125412,60.63548547845773,6.475982868824091,0.9402844415521153,129.75925293419192,2.164653176401748,37.646149879593224,77.35169670870543,26.821749923355426,8.124463536518798,1121.1759680395942,7.556992045446792,63.04414065909428,68.11981002621849,3.2719111678143085,4.651796026296193,641.9478516288746,-43.625668496968814,55.442559985698345,73.61900382854854,0.42345951532311027,1.3226441159451603,182.52488800043213,7.685594256314227,-3.3836952414873847,-3.001027262351151,0.22053422332554976,0.5108661879141368,70.49953393215088,13.44161330392921,-18.20116389148664,108.31042789898373,1.8825092575049727e-07,6.526307567570646,900.6304443247491,-23.21973653387324,33.03518873354386,57.614248949518355,3.025367511120075,0.9977192423185376,137.68525543995818,0.3630029977389108,-11.021260996875387,76.34054044111339,4.720687191716537,16.248640206534468,2242.3123485017563,31.9057674088606,-19.818485736369325,58.544551901121125,0.39083511802286774,0.6200773033171783,85.5706678577706,28.825237355094618,-32.35436155259105,60.40465382521884,3.97010885153328,0.38621835707074015,53.29813327576214,-11.012396842919578,12.97475396897925,49.43861983023468,0.1474531750039177,0.7444796779569167,102.7381955580545,27.690812249144166,5.106915008894778,70.43814749703373,3.5712091688079684e-07,5.753733256256035,794.0151893633328,-21.62344926106513,99.5667144673569,105.65108886304859,0.29089204192856694,0.06186644240070779,8.537569051297675,0.0,0.0,0.0,2.0000461723644763e-06,0.00021496756020529612,0.029665523308330864,-43.03611519607991,86.76302289039707,92.71927465137527,0.1643298605263424,0.6066739188226815,83.72100079753005,3.311243456608021,100.9510335300255,113.13367831981726,8.098519710859813,4.662042895807248,643.3619196214003,-8.445076777700518,76.586678197684,59.22566830759002,2.794716940381492,21.330511019796244,2943.610520731882,-11.202838371252897,77.71883299858771,69.95827683159843,1.6684570855480236,7.320370350912201,1010.2111084258837,-23.46612583180451,-9.087657165612335,155.35355547815263,1.495678386786137e-07,1.8733268994227372,258.51911212033775,26.378342428491454,-18.37701991646138,38.749023135414895,9.329738740526007,4.082882691846803,563.4378114748588,-21.57893260568929,54.79204396670861,59.936545631520076,6.478423048536722,13.239123303235488,1826.9990158464973,73.43647295388078,-31.411246220801686,67.77090813847774,1.1734018071003771,0.011362487975006696,1.568023340550924,21.780770166676735,12.726686159486302,70.50276513532985,3.464012951517801e-06,0.3799159476543804,52.4284007763045,-6.438617511916132,22.899550517664046,63.13704359650297,2.6636998534158645,7.288749215837631,1005.847391785593,46,568,705
-19.776711564721875,-0.12170807744027916,41.971683194939395,1.8450296439672744e-07,2.765182183037818,470.08097111642905,-0.5242947033015408,-1.9756817281686527,23.754490254817124,3.054646085359651,0.43273395726808134,73.56477273557383,26.588318521863435,13.093635032228413,34.75435808473063,1.263216218081053e-06,0.8866404957529688,150.7288842780047,19.556455264992966,-11.274009436927773,12.848653785445288,8.438836340853869e-08,3.922169219801975,666.7687673663357,-27.099864174882622,38.16743199651994,36.901333038982116,6.522682538671516,0.3152597627713557,53.59415967113047,-17.21390112916745,21.33068531871962,32.31894282134213,15.717588798371162,5.5560922557000465,944.5356834690078,-17.401701685673164,44.96476287739735,44.0718323041156,7.921414516478265,2.402713203455528,408.46124458743975,-37.70154205619453,56.17804760924591,47.785953385520116,0.28013827806650876,0.9584219898762418,162.93173827896112,53.85866211237603,-33.04042610598895,59.49894726738949,8.051426651138243e-07,-0.2730184400233712,-46.41313480397311,35.835568023283116,-0.9167076552392444,4.778625557595251,3.038612551895092e-08,0.2714709126840966,46.150055156296425,-29.981895590487195,6.407205389547394,32.66181891287164,2.9124858889600977,0.37451034548641843,63.666758732691136,18.22044430384132,-12.430092248031729,7.380189240757448,0.06492765532484054,-0.4681925636456135,-79.5927358197543,10.547668914903321,-15.70313413328538,41.61195105765732,0.4620445429889957,0.38220979749705797,64.97566557449986,6.374487882848927,20.518647361030837,40.76794697062104,1.8407716157217966,0.15353281888972817,26.100579211253788,-10.571722499513038,6.780421634871643,26.821591768585627,0.007739454844654372,0.016877714158648163,2.8692114069701877,29.55301254800039,10.684017791439148,31.403240667145432,1.1437645667645969e-07,2.5644219510374646,435.951731676369,-29.631482185154418,87.84562646340004,71.0062909093038,0.4266639580996183,0.05427066847548844,9.226013640833035,0.0,0.0,0.0,1.0001802721576102e-06,0.0014533030327448578,0.24706151556662584,-39.60910259566044,92.5900511324022,63.68943598805158,0.6529020655033158,0.33027366203603886,56.146522546126604,-9.553574934319785,-0.1000003674496042,32.20521879626488,0.5561702139036807,1.824479914133604,310.1615854027127,-10.534823599145136,35.922940312150075,31.577432324750927,2.2610539133810135,17.79302116764355,3024.8135984994033,-30.234821433274302,55.89235402711436,47.79219476024048,16.966016189977694,4.695722618826241,798.2728452004609,5.837137705767122,-18.584031775216705,35.903625174348356,3.6376956878308317e-08,0.4893907487320079,83.19642728444134,17.850404591864983,16.80039030300691,32.478222668101225,9.704817996953446,4.544935433995464,772.6390237792289,-31.855579627120495,35.389966207189595,43.76194799753088,7.378164683526568,12.24002354778912,2080.8040031241503,-10.493179269054476,-28.893600479843922,33.41947638668153,5.254223898421699e-06,0.0217733761238995,3.7014739410629147,-6.162938691747399,40.78002921942101,48.200971331673095,0.04419634534753136,0.41486838585914054,70.5276255960539,0.511640696351526,-11.773234100739936,22.254915345851252,2.3561203868564453,0.2965767462077531,50.418046855318025,34,353,522
-5.190835994625311,8.133802820065956,161.75606493567608,3.140093761802879e-07,6.797863036876796,822.5414274620923,-37.604574268540766,27.148906137070693,134.95726067372752,3.984743646309274,0.7524859524837048,91.05080025052827,113.51077236369416,-34.44436955226052,4.25263591371932,0.8183932198474358,0.429243632627059,51.93847954787414,-28.286982701075058,1.7675072652879562,119.68050505104114,7.588564864825582e-07,9.650855619048418,1167.7535299048586,-22.355992338717925,17.64008651489606,88.16891609531612,7.149319152299918,0.044087427480807836,5.334578725177749,-69.09524514104545,23.850348435589694,119.0422191723762,10.212589585489235,4.118396055405984,498.32592270412414,-74.751180899997,54.265926180343286,70.09776088558512,10.668934316796701,2.251573657616062,272.4404125715435,-27.277883093531287,76.79884154011489,72.52349637623215,0.05770176379338714,0.36449959696906753,44.10445123325717,84.20078284876408,0.8259316316303786,-21.63977840564451,2.7132951722905536e-08,-1.3046148100321537,-157.8583920138906,39.78153026323813,-27.937300473817462,119.19037243236676,2.7005963992819505e-08,3.7180497068345817,449.8840145269844,-61.379007727883625,87.49657320804029,76.21403897698116,2.6602897564195938,0.3222030469553803,38.98656868160102,-18.875091145596112,-9.919258790694446,130.6253287474242,19.95038016422181,15.778468618755051,1909.1947028693612,48.65375432028969,-23.257883552521893,105.59608177747862,0.19317358708740662,0.30490728503781134,36.89378148957517,16.58119392488963,-3.8829201693118396,95.95345142479384,1.3601158047414161,-0.12500750285268403,-15.125907845174767,-63.76428984110966,92.55038747262616,83.33467036144745,1.049189013485491,0.9042046544205208,109.40876318488301,86.87740865956896,-22.39693353548763,189.5135381575385,1.5154387064535965e-07,9.790196305757403,1184.6137529966459,2.0967279731432917,3.1673254184801722,121.6118081057891,0.2461381895382657,0.03310963058018517,4.006265300202406,0.0,0.0,0.0,6.31623400826156e-06,-0.00019698600121907558,-0.023835306147508145,-12.67585564627233,43.05349573712547,98.03361351609911,0.22866966775080963,0.2552236160948524,30.882057547477142,-58.13947896595679,26.02475604972907,139.48727932155202,7.613714329974345,3.147467802179644,380.8436040637369,-76.89460339298638,52.0658228542209,58.795687632100844,4.02127222358203,23.84215152387253,2884.900334388576,-21.404069107684098,22.197374421040088,87.44416865625148,12.177337831472052,2.775287438024141,335.8097800009211,52.315957415067786,-38.1186835905183,141.1924696873534,2.6229447741138635e-08,-0.27139612614412534,-32.838931263439164,70.15865968665386,-11.148383372643362,33.92082574870759,7.791301747218878,1.9132719008136632,231.50589999845323,-65.51951531251825,33.7941547794912,61.994251370680765,8.94054080048516,14.513429120623336,1756.1249235954235,-12.416675712951065,-16.597348884701507,142.3375752079709,0.5023995385072564,-0.008948750919576701,-1.0827988612687809,5.517499274918613,21.303766087441435,118.24555441736105,0.34250973615867303,0.26386791258999154,31.928017423388976,-48.171379974422806,65.28804097777194,89.32477527598255,28.60704432595919,10.061015165226241,1217.3828349923751,30,1254,1374
-50.560075997239416,7.3725441815725015,4.187282572613877,4.0940289650318603e-07,2.914861304670995,889.0326979246535,-27.107717070520504,69.71269458307047,5.255619437674039,1.5816945092011558,0.32093113108214194,97.88399498005329,8.217219229024177,5.985844780023433,34.29341798972337,4.203059489044942e-06,1.384826183635991,422.3719860089773,-59.97975345956606,20.46692726447718,-5.224762363461769,2.6906619164166845e-07,3.7831211673851612,1153.8519560524742,-51.00895163220635,6.951088063973574,8.218176470714551,6.604806145692206,0.35704309810681994,108.89814492258009,-43.86965864246524,24.867912628882753,7.543310470117907,5.486473084925339,1.9798700545951329,603.8603666515155,-23.351229571308878,-1.0045691633171723,-5.050289678245053,1.5323744564584885,1.0617905508096372,323.84611799693937,-21.7158520189125,35.47064323058697,17.49823725481813,0.22478293817560177,0.20764438485685513,63.331537381340816,-2.21266684221887,0.8722609740243137,69.17373703665506,1.0320097426908519,0.8245194956216452,251.4784461646018,-24.87044993280803,-18.078789033969485,-28.382187706290686,1.2679344100301697e-07,9.241574643425052,2818.6802662446407,2.8295298809834497,50.075133169100795,10.783733356384355,3.1880911183848735,0.9014712466519028,274.94873022883036,-31.60756116474313,18.61736677460593,-4.4859726134805715,1.3440539505102664,9.245591722689385,2819.9054754202625,-34.528543796597056,3.2462307805008286,19.95006342715343,0.07629898242638615,0.3168532382653742,96.64023767093913,-41.30290861282117,-14.894563405707414,17.99366243972442,1.2514809282760773,0.05629850209349715,17.17104313851663,5.3442479634744116,-14.60757692505122,-21.257592697746738,0.2957570869382343,-0.03797123421766976,-11.581226436389276,-39.421156059887714,9.419088790558462,18.313273702456513,2.565506388664122e-07,6.470688515569118,1973.5599972485809,-37.75975171887974,35.051098470199825,12.782768331181197,0.6023126273038863,0.00912287286119088,2.7824762226632185,0.0,0.0,0.0,2.775137359543919e-06,-8.167654358549002e-05,-0.024911345793574458,-32.20114514433039,34.47096438430873,11.662924474595512,1.0120441782568996,0.10063453141448095,30.693532081416688,-22.257392730577163,45.191695748708874,0.155471594890622,7.945453699859323e-05,1.573380640985369,479.8810955005375,15.192350186586992,-25.64269766974508,-20.430561957108434,5.292391382372601e-08,8.953187107071146,2730.7220676566994,-45.32978607774616,-8.794524003095756,6.346811471245628,14.578454911754978,1.0797654873689702,329.3284736475359,11.522466775263984,-22.882726724868476,-58.62321909569877,1.1824872603268258e-07,1.8548620864759444,565.732936375163,-0.34263117482492683,-6.767588015364212,24.739018894173558,3.2428455917823062,3.3047755752109462,1007.9565504393386,-22.333704507779125,-35.49716999897947,-7.61182026283259,7.955502849502286e-07,10.385000625204631,3167.4251906874124,-45.4395484196006,3.020526596363789,9.864053941225315,1.774529867102517e-05,0.021924255542237116,6.6868979403823205,-44.66433289924133,-10.595879834993523,15.211974468988712,0.7741293274066996,0.17954941080397063,54.76257029521104,5.089351546160895,2.5733974006249003,-13.026403736888504,0.28903115574804444,-0.01348454913102552,-4.112787484962784,56,231,535
-73.99015939491193,-4.873680569969048,54.00399721813295,1.2278987899893096e-06,6.475397346537566,874.1786417825714,-36.374748223398434,-29.63217780575545,39.395298757439235,6.476338838134505,1.2690243604426483,171.3182886597575,28.633011289909998,-54.1592489350777,44.71004978690987,1.226422053241404,2.073672543077343,279.9457933154413,-69.13740188078434,16.710437699294733,40.12873160748519,7.10648940101484e-07,10.025721480310084,1353.4723998418613,-71.6810415238055,4.487882596378146,43.54115566224889,8.171774295352446,0.27649667213341544,37.32705073801108,-48.63492631076689,-6.104471531274772,52.10798020395816,21.160485488578022,9.858601022637348,1330.911138056042,-25.657454391190893,-3.3468074879339427,41.979680005200684,7.125983520192755,2.486639583339009,335.6963437507662,-48.7288918407815,-53.934863050816276,15.376136810597501,0.08782788548706602,1.1515306685438764,155.45664025342333,45.61657383668046,-35.59466242393727,1.2503242481610783,0.13383749760218572,0.3994595476838876,53.927038937324824,34.71124306666277,2.7878627167860808,63.11976363998105,3.3428626916984316e-07,3.9816770982712164,537.5264082666142,-23.06412760071627,-22.183757063069137,13.0846575808333,6.448661901949761,0.6598951524494275,89.08584558067271,-22.25728006778029,11.905257607269949,46.10483904847833,21.17737242014179,16.45985699431641,2222.0806942327154,15.781783294639764,24.318048846921705,60.02392470546716,0.20280015329170517,0.33516400119508305,45.24714016133621,-81.18383888122987,54.89355706395366,46.5657220566012,0.6739132195602632,0.05789086224831127,7.815266403522021,-15.450677448716387,-22.174099941964265,-10.537596855779016,0.5048031620552744,0.19303765988852764,26.06008408495123,39.16820222604461,-27.606057867867147,65.07579600137375,7.686748521612036e-07,16.774877623199345,2264.6084791319117,-56.412644511142375,16.94965914154947,35.994785450914115,0.3221523766403135,0.0577058609209262,7.7902912243250375,0.0,0.0,0.0,1.558111346708849e-05,0.001956925273642381,0.26418491194172145,-59.12124510591505,-28.337490345657585,26.808144911556596,0.8898082600637174,1.017076543504282,137.30533337307804,-37.21076977845917,-47.9919018173659,49.28936187126428,3.8773790179431864,3.477635893774947,469.4808456596179,4.840469055805281,4.916475861299935,18.875615893128113,0.0840823736001813,17.031034704185394,2299.1896850650282,-68.86159232019384,49.928427578807536,41.43611691565417,19.267787070126584,12.561289938269708,1695.7741416664105,-4.257256082185985,31.3664393008094,9.17268961644959,3.1852636157907335e-07,0.7822189579169714,105.59955931879114,-31.725826405812178,-8.333492923704448,38.25685459011686,15.084449985259065,5.343542500948174,721.3782376280035,-34.17988550757614,-31.108237362766843,24.176747933654188,2.3163767189373323,8.21847310005622,1109.4938685075897,-24.764400712056354,17.634079253702968,48.144123280104125,0.7340461937081112,0.007054175653833458,0.9523137132675168,-79.73809676173754,50.85133892475692,50.79742613277972,0.3759216398072384,0.3695863108976184,49.89415197117848,-7.841336700468357,-30.18978568082698,9.070206823873491,4.354676525670405,1.3268093126729386,179.1192572108467,38,89,223
-38.63835035999426,71.13845022883089,101.94887095959912,7.081202096717217e-06,5.566175097136408,879.4556653475524,-31.766140419763474,89.37222190463456,88.96168260535097,6.59401117687666,0.8140893561651649,128.62611827409606,3.5513433594912125,4.022602385568053,36.687524464338686,8.392374177333166e-06,0.31922210286896485,50.43709225329645,-53.79379484017197,98.07233106881004,77.83986467331768,1.0185064470341275e-05,11.189559692439282,1767.9504314054066,-30.316527774576308,52.93955975166755,61.327083768585844,8.250814577314404,0.19643900625543112,31.03736298835812,-25.15805496073904,85.46378518723975,82.73625380775647,38.604305426086526,4.387119820188261,693.1649315897452,-10.940937031017196,58.585629940305104,59.93652524412466,2.9414153112236745,1.4666407885371908,231.72924458887616,8.361543280481987,22.01596629970331,16.827396089944813,1.2812010474162415e-06,0.39968288863123863,63.1498964037357,49.59538293750741,-27.15941640614964,48.85138227410134,2.3324428409847766e-07,-0.48292384971329455,-76.30196825470054,18.520844625597313,-39.368680046198065,98.94991406941539,4.660669252228675e-07,7.087902468399478,1119.8885900071175,3.8848946512873543,45.29207816383579,20.967693191999047,1.0216721549232914,0.38717980282737025,61.174408846724496,-7.682402425244428,33.951630588122015,98.63966285724996,17.358932037206383,17.186867564911452,2715.5250752560096,-11.802841899363663,32.669234099705946,99.91573938488705,0.46069148866335824,0.2294167151296449,36.247840990483894,-51.83515302389582,29.19408655756768,67.77694797625763,6.132049171421974,0.036435050889685135,5.7567380405702515,-25.53578073581403,55.579023630257076,32.05928585069718,0.734480990726085,0.8826041261763745,139.45145193586717,19.5771218523281,2.3163586456607574,147.87720855961527,2.7796096862247044,11.687763622315302,1846.6666523258177,-19.661112678465216,18.11926281648935,38.94366914484143,0.1051593547995421,0.0243046591339068,3.8401361431572747,0.0,0.0,0.0,3.0343925361496936e-05,0.00030722828071899546,0.04854206835360128,12.310897074215278,4.849500190442858,31.821009733364132,0.0009718037965008098,0.05330850136097198,8.422743215033574,-20.459473038375993,58.03378861080034,100.19101536881476,1.7248202855793686,2.8259518127301053,446.50038641135666,15.983499989233174,44.92147054986143,40.26670417735295,5.153937858875534e-07,18.663621219866908,2948.8521527389717,1.2063608105897532,42.009474896680246,51.03614541149837,4.986719624931409,0.1614848395047791,25.5146046417551,-9.394092133326653,-25.59680765111494,36.42908198990334,4.994043086760809e-07,1.7945405764247648,283.53741107511286,-20.155303949460244,0.9672775010071948,41.727132670724345,8.575603356954018,2.7264879865081073,430.78510186828095,-10.021689188882792,48.93721850103933,48.63052720641535,1.5160927206053756,11.881417340907767,1877.2639398634271,-63.02393002881993,57.42393803636839,90.10925289202665,1.2383421216102708,-0.0040079745568331595,-0.6332599799796392,-37.68051231752377,40.93436488093211,72.55431310658533,0.6686656641453683,0.07192927316615944,11.364825160253192,-18.77374406568769,57.397679559028944,61.03598215692125,10.663944598444784,8.987232914982862,1419.982800567292,53,7914,8071
-39.914900523374406,11.913027448813304,64.56298769048186,6.441030130148392e-07,8.11116889968928,762.4498765707924,-39.46260447564784,-0.2396551002893248,46.78148324832657,2.630706108485491,4.178049314588477,392.7366355713168,-6.459337027640171,20.413435645737206,61.224861187053314,1.2079244162382727,1.1824218972567713,111.14765834213651,-78.95366940433598,38.99275201642061,68.75089308024543,6.213570538774757e-07,12.617123796697745,1186.0096368895881,-52.59424191707927,-9.258873278011702,37.807480147142556,9.804647713314814,1.4005490574247044,131.6516113979222,-58.344904268319866,0.7938813073418313,49.61728967554552,35.146669071545865,14.207925183781999,1335.5449672755078,-33.201968865844286,49.69501191996432,36.424977493231225,6.141207386973209,4.234280025956646,398.02232243992466,-16.926676944221544,67.9975159758288,19.145267318804386,8.529935749081588e-07,0.9251032849631856,86.95970878653945,41.55612506974847,-32.236576705299626,128.9264001650577,0.13103493645379918,0.18591269226214205,17.475793072641352,-43.589728092880534,30.010743421060653,98.3675040043716,1.1071445555528084e-07,10.932149156978424,1027.6220207559718,-6.721065005330076,89.65943581896897,16.86424131942081,3.5796467053250316,1.4728548446760625,138.44835539954988,-47.52324588607976,25.086198378437345,65.14205480862448,22.536114533152997,20.190523764943045,1897.909233904646,-31.5638957775198,39.722170128748694,68.80774415833916,0.3247848140703704,0.24358891424624346,22.897357939146886,-50.56379237247065,3.8048396865691894,44.77604896501446,1.5079811474174032,0.3221699388291402,30.283974249939178,-1.6715311095568213,-20.078358557490102,1.6143319904813005,0.4269369525227589,0.6477999517632027,60.89319546574105,-5.740887732588529,-16.53970975714683,140.81223129242514,3.8508593536071e-07,15.641174533837228,1470.2704061806994,-81.91357088126156,100.56253716535926,45.92101848233325,0.4022298039762563,0.10325263142019585,9.70574735349841,0.0,0.0,0.0,3.522264276723346e-06,0.049117457628269356,4.6170410170573195,-49.94197039473128,89.59847907608479,34.24033487311325,0.31448172249249456,1.274314838594815,119.78559482791262,-48.507587371980485,-2.791939704293613,43.89608706592509,5.523399018615128,5.051216454022437,474.814346678109,14.663274169224517,8.870233198863183,7.486466161634583,1.8556626632034386e-07,13.294220111110006,1249.6566904443405,-61.33548256952797,45.541922380136725,36.94266621679942,16.474491064444262,11.458413104124716,1077.0908317877233,-16.605606722263076,45.98702875022656,47.915549059554216,1.1352295129230446e-07,1.1090828682339091,104.25378961398746,-5.601499172977393,41.14964124341777,35.92180713239059,6.509137812988176,2.564830377471898,241.09405548235839,-28.63202070216449,41.320448811614696,27.743273834192948,3.4381925623158502,10.319877766543238,970.0685100550643,-72.3141934055359,18.81954818014238,59.23478730669564,0.4826689690445481,0.06443226561919278,6.056632968204122,-49.154077497299276,-10.685130893443835,47.42407531005996,0.7056035417119781,0.7472367799977758,70.24025731979093,-7.039773973249053,-1.2574477862261888,24.058073166632347,6.688641026833948,9.080517540054538,853.5686487651267,19,8194,8287
-3.2147362527470857,8.202810511022625,62.24455504456194,5.092983219405405e-07,5.090184954012273,682.0847838376446,-42.46916931923108,34.52561446544616,149.0319457093212,4.550495307986302,1.1504417123153705,154.15918945025965,18.87774739534582,10.683793804742402,-26.487652780179154,3.7666804129902575e-07,0.04512400255838232,6.046616342823231,-55.795919101977006,-13.413106343576253,54.58709181412473,7.991136322991865e-08,4.595096019284227,615.7428665840864,-5.839674903704956,25.114853549058264,59.30386145074385,2.415969760297805,0.1949817852015415,26.12755921700656,-20.415415547267195,14.484896910351056,119.44103326564128,11.640703469549502,9.852713545459485,1320.263615091571,4.308886925337069,48.40221131893145,99.9726227551623,11.310801495133916,5.926683653246015,794.175609534966,6.695382465698681,24.816713285542487,84.1343648480697,0.0770632886154032,0.17642954137016284,23.64155854360182,-7.321789242505984,10.65515402915736,-64.97687566839345,3.900500037945836e-08,0.04424671067354331,5.929059230254804,0.4669448106715654,-15.01078811556015,70.10397327083011,2.148651112049804e-08,1.3931838724735932,186.6866389114615,-28.04183584799254,49.35394441411411,70.55048590465526,2.081605257797305,0.4010967743413279,53.74696776173794,-8.884895591908439,-8.457717268734894,83.82957385833951,5.672219651661704,12.362631764804197,1656.5926564837623,28.076324993331287,-19.736938908064403,17.337192211882353,0.17798860296812544,0.14010433500221153,18.773980890296347,44.83633946554045,-2.398873653187863,26.333252543674305,1.2403234780411039,0.040370623501382985,5.40966354918532,-16.709887663910024,87.76919529475907,75.17384994577337,1.113122306701571,0.4792721453478335,64.2224674766097,29.994478735248382,-8.732880843222102,30.57114763582171,4.5292388061950717e-08,4.9040183693280675,657.1384614899611,45.8223498249852,-27.318244302172673,103.64611588890097,0.04367632292541644,0.02809413051042589,3.764613488397069,0.0,0.0,0.0,8.787020284951812e-07,0.0024321747256895667,0.3259114132424019,9.1399664898167,21.994652187748663,105.70806636905914,0.1681911352779477,0.0964934903062288,12.930127701034658,-31.112673392545975,13.473767118557594,169.72864725898057,6.6624475351364305,3.66454333136519,491.04880640293544,-32.34356216223984,72.662095873066,60.58627189555187,0.9745496573085752,27.22907627959255,3648.696221465402,35.87277141783448,-2.730451623764112,63.016579652755176,4.118502314029891,-0.04930604454931654,-6.607009969608416,11.158725868926718,-30.377026431971316,179.24710505968778,2.1309596036988113e-08,0.22766466553941045,30.507065182281,43.13970680408793,13.952590709624085,-1.8759195663944825,0.8816903860025392,0.12871657070701875,17.248020474740514,-17.093427877973486,67.96514768491589,77.51192773459272,4.313376968139966,13.015459938799342,1744.0716317991119,17.544590494510498,-26.132612768490805,28.797182017952967,0.7049971439741568,0.01268755920109891,1.7001329329472539,33.387100535516694,14.44402328857761,40.17855074391862,0.14165148436610228,0.274695590679356,36.809209151033706,-22.246513291906357,48.65615995451392,85.77163359552635,14.619293715154356,7.121931536236275,954.3388258556608,50,1122,1255
9.402501803017422,11.196408140159239,42.70932449260537,5.342649323267201e-07,6.0651071984862694,776.3337214062425,-29.62302352182693,-5.166525237033071,28.400996583113574,1.7419902833514667,2.486045595429493,318.2138362149751,-43.59042975055048,13.66183537332023,57.81761979536195,1.5318231381086146e-06,2.555755495557784,327.13670343139637,-54.41639409820639,30.320003383366462,32.49972956551011,7.052385262376221e-07,7.183994625833244,919.5513121066552,-8.817991520726729,-50.840793210732905,23.852860615791567,6.4491742034329835,1.8153824891275068,232.36895860832087,-22.659198938474383,-13.201177826818064,28.153915175841128,3.7869080656761636,7.380619025409985,944.719235252478,-1.0621249938942956,-35.86943577649389,8.421380107879568,3.407655254502644,2.2990603181359326,294.27972072139937,-14.115517425129124,-27.992284105739827,8.389708864395262,8.179991055436707e-07,0.3028198425201823,38.76093984258333,-20.29272580090605,-22.289546687046123,122.649098267271,1.2959356938763471e-05,1.516296606433833,194.08596562353063,-66.79712996531326,14.017427552028833,32.21611239119989,3.6228370220392495e-07,15.172006883764876,1942.0168811219041,15.015911869825338,-47.963239852718715,3.2021264201167394,2.8174279810955216,0.6637289453210461,84.9573050010939,-33.943495527207986,17.186404749681174,35.51740627859113,17.424806536947308,16.808707677757003,2151.5145827528963,-16.870038707975226,5.9092156956339235,52.27129842300171,1.1360519587601503e-05,0.3287766531884257,42.08341160811849,-2.293170828610615,-32.25876243170715,35.91252452170475,0.5031250947839333,0.11210272348314196,14.34914860584217,20.0133074180889,-60.39571796973141,0.47097056920663405,0.42725874819167237,-0.0028344757154944566,-0.36281289158329044,-47.9705635105458,-5.822723148511808,70.8989298031174,4.446712458095624e-07,14.010344037556576,1793.3240368072418,-43.17477145076321,-26.418060300062784,26.373669171088476,0.4169095241317914,0.06619905157821332,8.473478602011305,0.0,0.0,0.0,5.656230802253574e-06,0.003487609895302007,0.4464140665986569,-26.097829142203206,-32.35224731381852,18.101845507341864,0.26210297766232277,0.35025848578947605,44.833086181052934,-24.466816026107878,-25.592395316076722,24.595838792071493,4.91585960480521,3.8994220555127828,499.1260231056362,33.39146791300195,-20.193839342566342,-2.6463242917958585,5.6368233317393135e-08,16.62098744773507,2127.486393310089,-36.81423081987521,-41.38170124486839,19.6166364431176,10.629640331695242,9.932675455728328,1271.382458333226,-91.50528373585229,39.27642042020113,16.319309554727415,2.7286172448901926e-07,5.453349031464027,698.0286760273955,-21.549524894616187,4.947109146333357,37.292121558474975,6.628054451811316,5.023250793281205,642.9761015399943,-5.331573747462331,-30.406092239286814,5.0260616767070765,1.2570960733633343,13.074090460504484,1673.483578944574,-27.513356709005027,36.50951283987266,41.23548833620781,2.5226485197439354e-05,0.07462493576614274,9.55199177806627,-0.07149696341391733,-63.471695363609335,36.192719329755235,0.28103361438296254,0.5009171285643579,64.11739245623781,6.5369780061676,-21.136117974392228,12.944858632246559,1.3677029302694639,2.8690153942573535,367.23397046494125,39,255,382
-53.81300991628161,22.353296263887927,61.8469424221739,0.9991803608137163,3.4785883695415794,887.0400342331027,-7.232395766922149,-13.094168343142975,-9.60693279116207,2.12146567563805,1.293803994905481,329.92001870089763,18.91656226259698,18.99828595751682,82.70136815560775,2.378805404632931e-06,1.5865335249755363,404.56604886876175,-49.54819036053661,-12.830556599656692,11.829584700336277,2.906974232044605e-07,3.9546255489913933,1008.4295149928053,-35.18703080599296,52.51052934876257,43.56761144634162,6.366307277231752,0.5675831714138959,144.73370871054345,2.0859021176296606,40.88864648693234,29.08628231773951,13.261804145404705,2.5735484707092926,656.2548600308696,24.776531143588095,68.13551590490309,26.403506961427038,0.21985209373563613,-0.16594679293053444,-42.31643219728628,-9.33492130502802,104.9780691170439,34.8241924237076,1.531730352058534e-06,0.31103899864970597,79.31494465567502,36.90064203300295,-25.381196925793404,164.8631560522265,0.6024278492968397,0.8928806378242198,227.68456264517604,-29.27607876435976,-23.41157704911796,22.25179699166462,1.8129758406397e-07,7.124909237561332,1816.8518555781397,46.70187271286194,45.78610551107507,16.059668889264294,0.11492988105559125,-0.15744793331144932,-40.149222994419574,-10.033123639094761,-39.43478993795757,-2.248121369393143,2.8815486526540535,5.905974027605155,1506.0233770393145,-41.70933003491468,16.588257293308324,81.69441839336474,0.3802563018818049,0.28638274486497234,73.02759994056795,-63.68440149033421,65.38814128228455,61.07214984812598,0.06574078519400679,0.125750990322606,32.06650253226453,5.347168845572944,-54.89369305685384,-0.4199581954419448,0.09226329329030099,0.3165984565267501,80.73260641432128,-50.20497672175344,-36.51297680094021,110.11300623851908,0.5374926533881228,8.90006586830583,2269.516796417987,-21.79988280226663,164.87358650029523,84.77937254751554,0.05708075621446748,0.0267227516215202,6.814301663487651,0.0,0.0,0.0,1.620314868539845e-06,0.0047936040481664855,1.2223690322824539,-13.564039136690964,147.62923912161784,62.16035063757368,0.6839897185904542,0.4838416225109481,123.37961374029176,-3.3130862608218377,-14.81857355750382,2.261485800981956,1.111171101803004,1.0033957227564172,255.8659093028864,46.64635383765478,-34.91498271162804,3.186618392540249,3.180093012454266e-08,5.572937708234135,1421.0991155997044,-17.242332342692233,109.71282294759033,51.168610178958005,11.975950447230916,3.2085109812962576,818.1703002305456,-54.96558384012725,-13.188152868959568,23.834933629787592,1.515121823494958e-07,3.5716972699465694,910.7828038363753,6.973592807325148,42.88255558179688,57.233821846848464,6.419023084587028,2.829660872627177,721.5635225199301,31.886774918453558,34.63677991509541,9.865654922290847,0.003988871457456693,2.858209532712323,728.8434308416424,-63.94464820335618,-6.077214788122097,66.69580844335303,1.099399732027123,-0.00435154096459298,-1.10964294597121,-48.7679035759359,79.14961070179281,62.33146948861624,4.793427964917345e-06,0.23673293926509276,60.36689951259865,-3.555175710831394,-5.564977209693792,-7.937751069043804,1.5276136481356863,3.7384619854294066,953.3078062844987,21,8417,8671
-76.13108292835679,-7.449385146912673,9.70438813624463,5.452139641984753e-06,6.795254021090001,1474.5701225765301,-43.34973100576928,69.60749336540705,20.94827402675305,1.2333156777002268,1.612825757475805,349.9831893722497,-11.228287205909481,-10.32816823573175,45.505663768206226,2.77934085910611e-05,2.1343419859926662,463.1522109604085,-51.35724493997762,1.4636747796306493,1.1472906368764098,1.469072803156956e-06,10.796201817011807,2342.7757942915623,-73.56810669535349,-17.43928463581235,2.668216213077266,8.357156219517158,0.15012310365540857,32.57671349322366,-63.47305051453429,18.59034390581356,8.22242875851762,30.273702106313493,5.235352642359445,1136.0715233919996,-29.62209064048464,11.474015682056026,-6.563456035415155,2.982413487379662,1.172198600659206,254.3670963430477,-2.996562591476026,7.068594858414413,-18.882656746158066,2.629673408352622e-06,0.19533418715471182,42.387518612572464,55.6261225968609,-5.850456976037406,75.29400330336809,1.8134488839179614e-06,-0.4881286627693223,-105.92391982094294,29.33646207487276,-21.59754904126456,-29.449732298213583,6.929621799595577e-07,1.7338355551136906,376.24231545967086,29.16696891920307,-26.20632157064576,-26.294579885015633,1.4482013436879024,0.24345678260282383,52.83012182481277,3.9261653976306077,-7.423934895347513,13.468453078227908,2.94399861326549,12.741974445019503,2765.008454569232,-54.16451802045616,-1.9323037101860923,33.43957590264435,0.2032655716857715,0.4583130935242617,99.45394129476479,-83.28085527388338,-6.248186539040577,6.872767050772785,0.8360946391978494,0.1857266506682489,40.30268319501001,-34.23614941198531,29.08863495685673,8.871045576949554,0.8651148567114427,0.8356792514627247,181.34239756741127,-28.430348789722593,-42.38012640888555,31.863238236836526,1.4462189668105106e-06,15.104052960325987,3277.5794923907392,-53.28655609799425,-30.21471083334344,-15.157762191112864,0.07774207801098657,0.04082424491256928,8.858861146027534,0.0,0.0,0.0,2.802349808636679e-05,0.003722787149090924,0.8078448113527306,-24.090139013553326,0.5346268211613334,-16.23368369226578,0.566853868750156,0.26270336476936257,57.00663015495167,-56.388240925886976,40.53386692166086,8.363258258463063,4.637817096244112,2.7831190693437153,603.9368380475862,38.20175051155074,-39.379831890808894,-21.385945318868707,2.458812423418293e-07,5.618305946684826,1219.1723904306073,-62.97695745360985,-24.92563157043861,-3.9385841546203566,17.795702218498093,4.259684747528622,924.351590213711,48.264269432078315,-4.693778810371342,-62.50633212677085,5.723480320206629e-07,-0.25120181970470307,-54.51079487592057,-46.33691731892372,-3.639442156109441,21.40736911799953,5.305400633134935,3.3256813541154453,721.6728538430516,-15.281359012124069,-31.47708683022532,-12.806577964950572,2.3036330163992644e-06,6.937276879144327,1505.389082774319,-59.74493381683885,-31.822570456343225,21.309682350815322,1.4348391483546945,0.010702015710559742,2.322337409191464,-73.01778669637905,-28.077917750482285,-0.1433315753253345,1.2535251662780411,0.33240672311587804,72.13225891614553,-23.595199680117148,20.2199933027482,12.948220571274796,8.993626194076999,5.5042757027892,1194.4278275052563,59,54,270
1.9156172881059828,11.178511166298941,43.99936980957552,7.963920458004116e-07,8.178416160540488,727.8790382881034,-45.48646419301006,47.87875776026169,67.17766188434527,4.671228334259369,3.999105309816811,355.92037257369617,-0.2779359625712274,-1.542946205017396,-14.616646056367522,3.595720961511505e-06,0.875517392520878,77.92104793435814,-63.906052044823994,31.14737034079883,61.77113700433762,8.414347094898136e-07,11.886828550495675,1057.927740994115,-20.821980797563146,-63.047206027630054,16.809346436278894,11.814507545728382,0.39565311388008095,35.213127135327206,-68.55253151764997,38.95143002743667,52.15678650775355,23.053840987996725,9.537816245028012,848.865645807493,-47.23368184808107,88.36139906964826,45.975621316319895,8.798417244464801,6.798518611835937,605.0681564533984,-37.572764038041136,58.50838699380589,30.278122780011213,7.443708803400456e-06,0.8052726804856364,71.66926856322164,12.261373868808075,-28.64119606915365,-6.624417150790188,0.18316725861522085,0.9233037805929156,82.17403647276949,84.380681131326,-14.72440274743762,139.9826596500907,6.404856731485912e-08,3.5385424244909753,314.9302757796968,-42.449616186339206,109.44644358544389,44.32207474554348,3.4515059267648334,0.33587145625412107,29.892559606616775,-20.743629134923893,-1.462832258077587,84.47349332622984,15.83925299095174,22.897241177596783,2037.8544648061136,-20.99269377989095,6.308663234172707,17.372019582451742,0.016133398470659064,0.5644455453049094,50.235653532136936,-3.0721230047008583,-59.16337781365715,-10.572440370523946,2.8396698193917036,0.40313875972701796,35.8793496157046,-5.14889450684578,-43.07751023620323,35.70139536087634,1.0984170013491363,0.5032044482705452,44.78519589607853,28.824457681938657,-25.988106216381478,82.95550636459122,4.050547825808832e-07,18.109030841567225,1611.7037448994831,-68.67438077301914,-45.708424521544394,-20.14180525712846,0.7826362374151574,0.06221272104885371,5.536932173347981,0.0,0.0,0.0,8.633811559937717e-06,0.0035996651400928546,0.32037019746826406,-42.43195947565807,0.6865901266426169,3.090620379261812,0.9214462350337409,0.7089652873474839,63.097910573926065,-43.82702903750472,96.96693731354989,69.08265749274068,3.3452889129743615,4.669572422833513,415.5919456321826,0.4419653615755227,43.52428810158372,43.51268090655842,9.207378765740545e-08,11.68796379969586,1040.2287781729315,-62.75898994091268,-42.13503003481658,-5.6933255721892175,17.692175078287534,4.1342097196117304,367.944665045444,48.09439945528438,-25.99353669633136,76.20609461747215,5.756386746784049e-08,1.3202382547365235,117.50120467155058,-16.0400280632989,-18.15768370244899,-18.86057340558479,12.917465238300455,1.4759637260227796,131.3607716160274,-55.307690786874076,88.3895779140568,37.71176887343744,6.602727483657583,12.394559046373558,1103.1157551272468,-43.2825428861587,19.313939187753167,26.208758741686715,0.002305248331787107,0.034170812207582724,3.0412022864748622,-16.58794161165697,-68.72787361029958,-12.701101300134694,0.7286217024607912,0.46532082603257624,41.413553516899285,-14.267502645294334,0.49025057263981975,51.1008785721086,21.330614305149663,6.513807321860003,579.7288516455403,17,328,416
-23.45527452851615,-14.869200790677848,10.58698822682098,3.42390804933299e-07,1.0282127738648714,258.08140624008274,-27.772531451282546,-29.015154010070827,22.779895307779924,4.3064241396197085,0.22500292354400114,56.47573380954429,60.67065797841601,-0.6208466029871917,-4.421468343896025,0.11569659410844962,-0.34084638067725015,-85.5524415499898,-13.175208868587468,-36.57818582760658,2.7262469597866414,1.706675279611995e-07,5.168195042085682,1297.2169555635062,-43.346037121181304,-22.182218482691354,12.217104580195887,6.427101074354474,0.17479990440992169,43.87477600689034,-48.14745161948228,-27.512299481682433,22.447357182407043,36.48660040419918,3.5512956190783846,891.3752003886746,-35.96240258545375,3.4903470607502056,53.85945949274571,6.238363099619647,2.4143569622335854,606.0035975206299,-41.46761512375922,-8.09358307360727,56.20513928910776,0.14010502149581228,0.9003580019843039,225.9898584980603,30.1661435898467,-0.9815235493896731,-9.104311790515943,0.19641318860735457,-0.3966334570587129,-99.55499772173694,37.70075974724737,-19.976137814965963,-38.93472114600856,3.124074484706243e-08,-3.6463317049869115,-915.2292579517148,-38.077783225707925,-11.86737790556108,43.09106075947886,8.668997149788,1.3867679226365761,348.0787485817806,-13.543570692081941,-23.179205254467266,-2.1699192590534517,9.453241122083407,4.5609025718003835,1144.7865455218962,38.92785239851771,-5.818619565505991,-5.43157260231407,0.010474539019556917,-0.025256875665233443,-6.3394757919735945,9.958426077739427,-1.6208134385009916,-1.2104732576545898,2.4178321616417424,0.13169195320877589,33.05468025540275,-36.11994492334997,12.754887509839428,10.945669154821166,0.6449179566052616,0.5598610511845241,140.52512384731554,36.454371808118765,-4.4572239751260785,-3.6715054680145798,1.138595704231064e-07,-2.31828907697527,-581.8905583207928,-56.193406862918295,-38.80093068888188,54.50723388068576,0.27937741803248595,0.04145229768617647,10.404526719230294,0.0,0.0,0.0,1.8164080669444527e-06,0.002177438803263725,0.5465371396191949,-50.87963659869327,-2.866033530810613,70.7334180667262,0.8758801228721792,0.37885708112227756,95.09312736169167,-29.143660896572104,-33.948968436494944,28.879358918046904,7.213458638456821,1.6276176874494015,408.5320395497998,-50.14959476967896,52.45022926909437,41.20634324801977,1.2507189968662394e-07,23.81443142482848,5977.422287631949,-51.45918701753253,-12.97759041696004,21.887469361443593,15.31299534549745,3.4880623155606756,875.5036412057295,50.902432390807796,-31.942944034928704,-28.702572125108965,2.8732769874009808e-08,-1.153446514419059,-289.51507511918385,13.495319324099695,-4.731878576126837,5.925472139532556,5.512359255713052,0.9270115412040175,232.6798968422084,-47.87652913167137,28.637786508098845,44.3907547218395,2.6176978098704327,12.926326718184606,3244.508006264336,26.798979207980477,-27.083819833948375,-0.2123092701049841,0.25882913881314573,0.06226168636750189,15.627683278242973,-24.556584384463758,-12.775104544794639,5.949535641826029,0.40283751085186614,0.1904167125811666,47.794594857872816,-37.66818734706861,10.329141768621461,12.597179888530126,14.381763809015796,3.4250289226940835,859.682259596215,33,0,250
2.7875179399361296,-36.632216516538165,120.27021209749607,1.9880428103688883e-06,8.941826361125287,777.9388934179,-49.74459998505516,106.29506964735526,109.0954497106379,8.01694076508252,1.4457735076319091,125.7822951639761,167.19699241190474,-17.843878708301965,111.10600397097359,0.012331589351790274,1.6921525280920018,147.21726994400416,-61.5014107265154,69.38425314751564,80.92429120914093,1.487806162445875e-06,10.248962542343607,891.6597411838939,-23.20648180645825,-56.03341032704823,72.56624811501933,1.9590125634621811,0.7043448323964552,61.2780004184916,-42.25066279275314,-18.0294505389006,90.70482405726766,50.70258619912354,13.238916325976751,1151.7857203599774,-28.28810172139782,-17.651358195044356,34.69927716405859,6.497111723025131,4.246639922790727,369.4576732827933,-25.4495153122157,69.15934605468514,15.009575137079755,5.1350235926111554e-06,0.5805606702185903,50.50877830901735,77.00376670803477,-29.883953506457928,138.88284831734927,0.013393189871629444,0.5655880731599351,49.206162364914356,-50.30954336796426,-6.095250097830601,81.264237287879,4.405443956220918e-07,12.622221258646507,1098.1332495022461,2.8439600505570364,78.60063514384711,7.809735816930755,2.3474796963717854,0.36981178066151543,32.17362491755184,-45.06082346445075,56.574135390277114,101.42859714625357,26.60146075343694,18.990689628968244,1652.1899977202372,102.85930592092036,-19.69592424981142,130.67319139965153,0.4287894821126269,0.3215783131447526,27.977313243593475,19.493331047453687,-49.138904576468214,85.53574707668616,0.9405209836847019,0.012225436474871601,1.0636129733138293,-39.85873066429346,-21.128626396469883,28.909406649182785,1.148508086521754,0.586188652957563,50.99841280730798,90.03335813772244,-24.186874554293983,236.70508426118516,2.1648040740821382e-06,11.166590591819775,971.4933814883204,-61.36127483701862,-4.188210691627193,57.90454741178528,0.134213967355791,0.06900858453378624,6.003746854439402,0.0,0.0,0.0,7.9688653425535e-06,0.0005694607954983439,0.049543089208355914,-41.75228037860904,39.80232969117046,36.93602780796859,0.09147992257316408,0.5460982157953566,47.51054477419602,-46.26835463110287,44.631572058792706,108.34997163024416,12.214765138347994,4.3027996808749585,374.34357223612136,28.24389340878608,-23.386180702839823,-1.1069067096809864,1.5290669725477302e-07,15.526260361017616,1350.7846514085327,-49.91818097055544,-51.41950732486147,61.518699521149564,17.6539712451644,13.46372957012214,1171.3444726006262,-10.722575731557395,35.819364204102314,19.156009915065635,4.11015569294394e-07,1.2831122164101196,111.63076282768041,47.98311769230581,-14.246398546564764,71.93030802275172,18.518267219855968,5.191796524398702,451.6862976226871,-22.717841399511613,49.41079499133842,23.077211640427873,1.7879776841956243,14.282729975224962,1242.5975078445717,142.68114974446007,-50.301471528643624,113.01896048080913,0.9914681523029498,0.0915924091676569,7.968539597586151,-3.586316891801734,-57.04267947539462,90.41906352636396,0.04686771073736831,0.6904549254112229,60.06957851077639,-39.03265886234684,49.15569841245609,57.67981694106079,18.904775992529117,10.667296566280077,928.0548012663667,15,785,871
-42.333962238070846,-8.939593995605717,58.826574106224236,1.0837006253693345e-06,7.6701942911236625,314.4779659360702,-42.92623879432537,21.06195028673276,62.23086446265679,0.1682143875552241,3.6785791910713463,150.8217468339252,47.731299802611765,-3.180023442393388,12.957261738618467,9.410383021808091e-07,0.739361108303636,30.313805440449077,-76.79477191499959,51.6476515323504,67.88270234844967,2.04408990238258e-06,11.3352234127303,464.74415992194236,-50.267416426618404,-11.210616585535316,42.791718163542875,7.842808361094198,2.124241818254588,87.09391454843812,-30.219911234971498,13.58549486223026,55.03563019460247,25.64209146783999,13.223651477631977,542.1697105829111,-16.756737568540544,45.95682248666822,57.99620570103604,4.736034781557287,9.463626611900075,388.00869108790306,-15.77023275792165,-68.5151995552439,32.02750773900376,0.025903602488319265,1.832091214960136,75.11573981336558,38.84441000404261,-39.90542209875178,13.998853726724908,7.512151794275848e-08,0.4649494078118554,19.06292572028607,33.13066855844902,-17.10801478208967,118.81556468516439,7.223008098173526e-08,4.923044351703708,201.84481841985203,-10.787899581644695,-55.406239951750294,40.77609540023181,2.06553275543884,0.4686065601037256,19.21286896425275,-40.021758427191855,43.46089409930833,78.29385926165322,22.66721529747326,29.24505902030201,1199.0474198323823,-4.7960840182797,66.40669292980135,55.522427966013296,0.34075851262714674,0.31935151729937755,13.09341220927448,-67.65044968459492,64.50965729076191,40.828283010556035,0.3495152176663382,0.26158170278475384,10.724849814174908,5.844968344377556,-79.73863450571803,3.6211247804769156,4.4072644633559435e-08,0.5125152940433835,21.013127055778725,73.73805373980689,-25.084441241701334,114.22789195943169,0.5534974595766804,18.89019369272753,774.4979414018287,-63.50585469716019,3.2980794865487812,61.2164734756149,0.2800505330454257,0.2568937152555699,10.532642325478367,0.0,0.0,0.0,3.317906813068673e-06,0.007971479763770405,0.32683067031458657,-35.682945522938525,-9.037829472312865,43.65035141030143,0.03503397372223521,0.19076690436313623,7.821443078888585,-21.538051839579513,-22.542893434501632,59.27370189672661,6.127270641308787,6.944956411371658,284.74321286623797,-18.81153366674995,-64.96929352806828,39.880491291802564,0.3773591437589999,23.82341383134117,976.759967084988,-26.443986166686294,32.10746099758172,41.27815613435089,15.744315362390159,12.827961350198876,525.9464153581539,23.982311501135012,-5.486414551582821,70.75136360766294,7.034796032941674e-08,-0.471324845055681,-19.324318647282922,-24.131443265767157,25.472878502602736,15.683950174045346,3.4587903813308993,2.0868274300393796,85.55992463161456,-17.563763613569396,114.8003533014208,56.32444708163404,3.1245418303988997,14.672724907287563,601.5817211987901,-94.34235479092342,28.872953645042298,49.171754531050894,0.30327867168100414,0.04580748390083179,1.8781068399341032,-66.11773435971583,51.96702988327478,43.12206219360292,4.554058599119646e-06,0.9312383888638711,38.180773943418714,3.63977042119498,-72.1571062892822,33.590182108630536,3.681301409503613,9.7388528527805,399.29296696400047,29,87,127
-45.13177787480611,37.4844068681715,89.72109281500846,6.848974514349361e-07,6.785485698728315,664.9775984753749,-68.42451703003888,60.203939489193914,71.59083626105728,5.098185158487941,1.529614818105236,149.90225217431313,148.27053697710045,-56.49832663672948,6.8339681277522795,2.6752366015836137e-06,0.958333486108046,93.91668163858851,-62.3870697265258,74.30178841386925,78.77359784482113,4.928222326087615e-07,10.694133676608978,1048.0251003076798,-79.09133134047755,62.80026324065109,57.612884372167315,10.060228008915187,0.516504147056968,50.61740641158287,-43.64155235656488,77.59578493697418,75.45457977522571,45.417731736824976,8.45904347263207,828.9862603179429,20.037433558820354,-25.48860586302571,23.511329697666167,1.831719873245362,1.3152007537825454,128.88967387068945,43.85531090978084,-3.8673818664598922,-9.19604427707287,4.85464627556968e-08,-0.21850338284682905,-21.413331518989246,2.8225386456654267,-36.26986071785577,-35.54589451100537,0.4556203131353296,0.8580109292837106,84.08507106980363,-20.288538566239485,44.04942824020207,194.3119862975678,1.1554830842860481e-07,8.873040377817706,869.5579570261352,8.70550705936783,-3.6148068963587106,-14.619350120534552,0.6072192501144473,-0.006316509561018421,-0.6190179369798052,-55.1360135663299,54.908995197017795,95.3485696338242,12.774828633385177,22.231857743768767,2178.722058889339,125.72365555562759,-13.628862711902439,86.91709429899008,1.2024100796408147e-06,0.23928192831771952,23.449628975136513,8.117096336325357,12.068130988339563,60.899467631903136,4.236665930816515,0.08476480767372863,8.306951152025405,25.221064064858957,-51.584808248979556,11.393323293634076,0.2141656260474896,-0.11200707097614805,-10.976692955662509,102.13463736992561,-42.22329624127773,131.47003666619133,2.0634483840500884e-07,17.965100757721867,1760.579874256743,-1.925005319185092,46.25781613617586,42.928160847381065,0.06333682273970698,0.023277374635693043,2.2811827142979184,0.0,0.0,0.0,3.869581812874987e-06,0.020991644144971008,2.057181126207159,36.715695871283025,10.336315607721692,5.952531532774144,0.05291354808973502,0.21111549600808746,20.689318608792572,-37.08110802126034,14.855099446568293,75.43671273799005,8.288702342207234,5.740182197478581,562.5378553529009,10.14749637563212,-41.00484436698916,-9.532852658308775,4.3472442831114765e-08,11.203890237686734,1097.9812432933,-43.4098683705645,120.35670923985802,55.981874150671274,15.807139982171156,7.7879223705074905,763.216392309734,-54.943542027359484,53.273962526121046,212.84663652194698,8.053415092618291e-08,2.7165087744261087,266.21785989375866,66.32563515616225,-27.28359975240427,26.398801225564185,8.605685965381632,3.1293510266969475,306.67640061630084,28.960068116911398,-17.41406617015853,7.7933317795991135,0.5623512620236445,9.595928792440207,940.4010216591403,288.28178826424266,55.428163574491094,75.43131465831073,8.945161744103708e-06,0.036039687777996425,3.5318894022436496,-45.9065154231402,91.54632578078822,72.81796963117574,0.00021908806154616312,0.5040329739386982,49.39523144599242,18.334930412082233,-18.523662514628487,24.290060370207097,2.4829353070220384,0.47937473433697597,46.97872396502365,23,8430,8527
67.58796126090228,-22.02873937825504,56.63062149969929,3.91164111416612e-06,8.01092532395165,528.7210713808089,-51.655863757421486,-12.455359814229489,63.755247889429775,10.02952712616915,1.1557269092298639,76.27797600917101,16.332745447411583,-32.42237089021825,-0.9940252470952121,1.2244233547694545,1.14260204732004,75.41173512312264,-41.039938248598396,-2.3956664155801306,64.76819124364759,3.0712008495447743e-06,12.541970877856029,827.7700779384979,22.715441044057506,-20.557938380939596,38.17225265407415,8.518956735987766,0.37384251770710286,24.67360616866879,-71.92071676804483,43.47151683148706,63.757273288853035,42.691050403055556,13.045821593697097,861.0242251840084,-55.94094745561369,157.2466259548685,47.0532233038467,6.458860903226455,9.113144950476336,601.4675667314382,-97.86065679868095,169.4104968451396,30.78363809478682,0.7680720414843003,1.5228608770112506,100.50881788274253,72.36416795409474,-17.628710088652426,-26.02676337579122,0.05288961847976646,0.3459123387168772,22.830214355313895,38.22099647666795,-0.4782845074974456,115.76444205786223,1.435677365837394e-07,3.4452473585695675,227.38632566559147,-88.18553159393839,23.97025819751506,22.948094675164967,10.693270407853381,0.6294758256618977,41.545404493685254,-26.490503650438967,37.198765657718816,81.74801064874157,28.41921001264675,19.595552487044348,1293.3064641449268,100.27160198600117,-17.411391355312944,44.82360335306425,0.6128114458660473,0.3348448408639606,22.0997594970214,104.55704460057137,-39.27631591273643,37.89762278501927,1.6654350267500713,0.35122052905912776,23.180554917902434,-33.5874895563416,-37.451044044694974,31.441407038371704,0.10856797783520084,1.4276347769947477,94.22389528165336,73.15396377299803,-32.62511395534709,71.79311187773185,1.3092063977921233e-06,16.080010014687648,1061.2806609693848,-53.70313480713557,27.81065700555062,15.62391689673118,0.7087967618425813,0.15958183608648763,10.532401181708183,0.0,0.0,0.0,1.1496861578456728e-05,0.004129218899841084,0.27252844738951154,-92.91843959447158,170.6645755003981,35.911121912941326,0.602376678905761,0.09456715714197597,6.241432371370414,-54.48209895872236,14.197312565235856,69.05172370023969,15.061324306945162,5.4849465893371825,362.006474896254,-65.30537125431496,53.086264386841556,22.893060175593412,1.3279363200550034e-06,14.991528986465985,989.440913106755,-41.81722013492105,12.835197882524016,28.43003884075383,17.218239528041895,2.7041504157344223,178.47392743847186,48.37565229990214,15.781253272067733,94.81611915522754,1.3724971399709188e-07,0.5824819872598859,38.44381115915247,15.678042375504678,-19.532796227114034,7.901417684271427,13.000873519850643,3.26840841699057,215.71495552137762,-72.4946265312379,126.53273613344305,39.149722593286015,5.679176360087109,9.889299535925742,652.6937693710989,62.645059546333194,-4.18795113478446,53.098447994732325,0.9530554072673967,0.03472777434402134,2.2920331067054085,77.52460385717573,-34.10305561045387,40.43657677390973,0.3691943042812726,0.37892269251333865,25.00889770588035,-13.954997837939228,12.778845989551716,45.19675848322409,9.234137596233689,10.409849113164677,687.0500414688687,57,63,128
-0.35386575038022994,19.82143007670829,47.73525304160429,1.0488118010951427e-06,7.341581416212137,535.935443383486,-38.836187427718855,16.296224855028346,62.219488269673086,5.237513681265611,4.143099339603802,302.44625179107754,115.21684503740464,-10.670086041422291,-43.30441194426146,7.857307663603702e-07,-0.011258258694796689,-0.8218528847201583,-35.27423427011095,23.8664626282967,32.90578595903531,3.9260891263491614e-07,9.113075149817483,665.2544859366762,28.799796246142765,40.24782218134624,29.421426447548527,3.5106583957052653,1.1659477205417956,85.11418359955108,-25.86253507515717,19.984683011143677,62.707275767260604,17.399275352256293,6.4890345057261305,473.6995189180075,-35.31863225993364,55.48614335713522,104.50046313714392,9.43389841895359,5.403097727651688,394.42613411857326,-40.67431110026068,72.8168429090749,70.36033872444946,0.13877819480986953,0.7435867687094371,54.281834115788904,69.84955052088084,1.2298651172675823,-56.209390321740806,4.6799687827432246e-08,-0.5215592391132449,-38.07382445526687,2.8544132392715587,-11.398431019658629,61.125358098418225,1.7730994251931155e-07,11.674143019030769,852.2124403892461,-75.64356426967957,84.1251572412667,62.63316698910164,3.697784073115998,0.33744228748532323,24.633286986428597,-9.061472456383065,3.625250811861078,55.20003339077123,9.908794016001021,21.68894788379049,1583.2931955167057,3.6182659053124144,-7.021587701070893,16.58073415143127,2.0687442288300513e-06,0.27318513015038576,19.94251450097816,-4.341689573694752,-11.796040473342096,22.066363453870924,0.15432581151646377,0.016309970985046437,1.19062788190839,-19.116085262413872,48.98307739337718,57.47387643087073,0.7137705335207685,0.7003227468542468,51.123560520360016,12.288721450486607,-0.8629313826736568,25.34043189544682,2.56276023005001e-07,11.193976851560295,817.1603101639016,15.227278771463993,18.94371336461851,120.5344347760145,0.0030238892843299863,0.00985149356294794,0.7191590300951995,0.0,0.0,0.0,5.93296714941847e-06,-0.0020355098694881703,-0.14859222047263643,-0.9943196562634512,41.70431217453745,104.85885099618861,0.07199794643341528,0.13818734810570524,10.087676411716483,-48.49101616578286,15.20858322857579,102.17825613218763,1.2571573225556227,4.11629350088292,300.48942556445314,-46.24238385491664,84.32937995364593,67.16163204572753,1.1200977235811207,22.45558562658964,1639.2577507410438,41.09861749850998,19.403577765783105,42.01292155285476,8.07344435968854,2.036410189691262,148.65794384746212,25.90457026314415,-18.880730343401112,75.16286971113423,1.7333300087228425e-07,2.230891110501913,162.85505106663965,41.90253003543768,-31.05243258166531,-12.461992099440273,0.8655995332811713,1.8296792925111187,133.56658835331166,-27.805234199470775,88.39905013138896,81.29322911472656,8.527186714352895,12.159640715069601,887.6537722000809,-26.209438326874547,-1.9277700711190873,24.890207976891045,0.04292909936984649,0.019642680862618105,1.4339157029711216,6.824363845447229,39.68134776220925,31.033674314007122,1.4313275716025997e-06,0.5941143988494934,43.37035111601301,-47.65156202294708,68.13460046952733,71.79965231593724,24.022359128459033,12.353789471091035,901.8266313896456,48,7927,7999
